latitude,longitude,acq_date,acq_time,acq_time_utc,sensor_name,data_source,bright_ti4,bright_ti5,bt_i4_minus_i5_K,frp,confidence,daynight,scan,track,version,distance_to_site_m,within_500m,within_1000m,within_2000m,brightness,satellite,instrument,bright_t31,type
13.54284,100.62624,1/18/2018,622,0622,VIIRS S-NPP,Archive/Standard,,,,1.82,n,D,0.45,0.39,2,6580.3,0,0,0,331.9,SNPP,SNPP,300.48,0
13.55478,100.70718,1/19/2025,635,0635,VIIRS S-NPP,NRT,,,,8.7,n,D,0.38,0.36,2.0NRT,4828.65,0,0,0,339.53,N21,VIIRS,306.8,
13.55562,100.63804,1/21/2013,601,0601,VIIRS S-NPP,Archive/Standard,,,,3.82,n,D,0.57,0.52,2,4690.83,0,0,0,337.44,SNPP,SNPP,293.9,0
13.56629,100.70836,1/21/2014,702,0702,VIIRS S-NPP,Archive/Standard,,,,4.19,n,D,0.49,0.49,2,4274.28,0,0,0,335.71,SNPP,SNPP,298.27,0
13.58082,100.68387,1/21/2015,1856,1856,VIIRS S-NPP,Archive/Standard,,,,1.81,n,N,0.38,0.36,2,1271.86,0,0,1,329.17,SNPP,SNPP,292.63,0
13.60951,100.65665,1/23/2012,627,0627,VIIRS S-NPP,Archive/Standard,,,,5.19,n,D,0.4,0.37,2,3515.02,0,0,0,336.08,SNPP,SNPP,303.14,0
13.58179,100.66604,1/23/2019,634,0634,VIIRS NOAA-20,Archive/Standard,,,,1.61,n,D,0.38,0.36,2,659.26,0,1,1,336.23,N20,VIIRS,305.47,0
13.60487,100.67361,1/23/2021,628,0628,VIIRS NOAA-20,Archive/Standard,,,,1.82,l,D,0.4,0.37,2,2579.75,0,0,0,332.36,N20,VIIRS,303.62,0
13.55049,100.6908,1/24/2017,654,0654,VIIRS S-NPP,Archive/Standard,,,,4.22,n,D,0.39,0.44,2,4015.37,0,0,0,340.72,SNPP,SNPP,289.93,0
13.62364,100.70125,1/26/2022,627,0627,VIIRS NOAA-20,Archive/Standard,,,,1.53,n,D,0.4,0.37,2,5624.3,0,0,0,334,N20,VIIRS,300.06,0
13.62321,100.70488,1/31/2021,628,0628,VIIRS S-NPP,Archive/Standard,,,,1.92,n,D,0.4,0.37,2,5814.78,0,0,0,331.2,SNPP,SNPP,300.67,0
13.57427,100.65707,1/31/2023,1824,1824,VIIRS NOAA-20,Archive/Standard,,,,1,n,N,0.5,0.49,2,1827.01,0,0,1,307.4,N20,VIIRS,270.46,0
13.56155,100.71363,1/5/2013,601,0601,VIIRS S-NPP,Archive/Standard,,,,13.24,n,D,0.57,0.52,2,5014.02,0,0,0,345.09,SNPP,SNPP,298.43,0
13.57636,100.71324,1/9/2013,626,0626,VIIRS S-NPP,Archive/Standard,,,,2.68,n,D,0.4,0.37,2,4482.2,0,0,0,333,SNPP,SNPP,301.05,0
13.59934,100.67564,1/9/2021,640,0640,VIIRS S-NPP,Archive/Standard,,,,4.23,n,D,0.41,0.37,2,1996.13,0,0,1,341.66,SNPP,SNPP,296.82,0
13.53859,100.65982,10/2/2019,609,0609,VIIRS NOAA-20,Archive/Standard,,,,5.56,n,D,0.45,0.47,2,4976.63,0,0,0,332.29,N20,VIIRS,296.38,0
13.55648,100.66584,10/22/2012,607,0607,VIIRS S-NPP,Archive/Standard,,,,5.24,l,D,0.45,0.47,2,2887.31,0,0,0,331.41,SNPP,SNPP,301.5,0
13.54377,100.66602,10/30/2018,628,0628,VIIRS NOAA-20,Archive/Standard,,,,2.4,n,D,0.4,0.37,2,4270.7,0,0,0,335.74,N20,VIIRS,299.52,0
13.53844,100.65867,10/31/2018,609,0609,VIIRS NOAA-20,Archive/Standard,,,,3.17,n,D,0.45,0.47,2,5027.28,0,0,0,329.84,N20,VIIRS,298.56,0
13.54162,100.65947,10/7/2018,610,0610,VIIRS S-NPP,Archive/Standard,,,,9.03,n,D,0.45,0.47,2,4663.83,0,0,0,337.67,SNPP,SNPP,295.71,0
13.55799,100.66641,10/9/2013,610,0610,VIIRS S-NPP,Archive/Standard,,,,4.05,n,D,0.44,0.46,2,2709.69,0,0,0,329.37,SNPP,SNPP,293.86,0
13.62348,100.7043,11/15/2020,622,0622,VIIRS NOAA-20,Archive/Standard,,,,4.16,n,D,0.44,0.39,2,5800.86,0,0,0,335.84,N20,VIIRS,296.41,0
13.55282,100.64464,11/19/2025,633,0633,VIIRS S-NPP,NRT,,,,4.26,n,D,0.38,0.36,2.0NRT,4376.95,0,0,0,332.39,N21,VIIRS,292.19,
13.54337,100.66399,11/2/2022,629,0629,VIIRS S-NPP,Archive/Standard,,,,3.19,n,D,0.4,0.37,2,4353.69,0,0,0,337.02,SNPP,SNPP,304.89,0
13.56664,100.69669,11/25/2017,635,0635,VIIRS S-NPP,Archive/Standard,,,,9.03,n,D,0.39,0.36,2,3138.73,0,0,0,342.2,SNPP,SNPP,282.51,0
13.54478,100.64163,11/26/2018,621,0621,VIIRS NOAA-20,Archive/Standard,,,,3.44,n,D,0.45,0.39,2,5267.07,0,0,0,336.49,N20,VIIRS,297.9,0
13.54124,100.64224,11/26/2018,621,0621,VIIRS NOAA-20,Archive/Standard,,,,3.44,n,D,0.45,0.39,2,5540.74,0,0,0,332.98,N20,VIIRS,299.42,0
13.54402,100.6386,11/26/2018,621,0621,VIIRS NOAA-20,Archive/Standard,,,,3.26,n,D,0.45,0.39,2,5541.74,0,0,0,334.85,N20,VIIRS,298.36,0
13.54048,100.63921,11/26/2018,621,0621,VIIRS NOAA-20,Archive/Standard,,,,3.26,n,D,0.45,0.39,2,5804.48,0,0,0,333.95,N20,VIIRS,301.55,0
13.61215,100.6855,11/3/2013,642,0642,VIIRS S-NPP,Archive/Standard,,,,5.71,n,D,0.41,0.37,2,3679.55,0,0,0,338.26,SNPP,SNPP,306.2,0
13.61292,100.68569,11/3/2013,642,0642,VIIRS S-NPP,Archive/Standard,,,,6.55,n,D,0.41,0.37,2,3766.39,0,0,0,346.61,SNPP,SNPP,305.97,0
13.60305,100.66868,12/10/2019,1849,1849,VIIRS NOAA-20,Archive/Standard,,,,0.79,n,N,0.39,0.36,2,2401.74,0,0,0,311.77,N20,VIIRS,291.14,0
13.54321,100.63808,12/15/2019,1805,1805,VIIRS S-NPP,Archive/Standard,,,,1.16,n,N,0.51,0.66,2,5646.66,0,0,0,306.32,SNPP,SNPP,290.69,0
13.54504,100.64108,12/15/2019,1855,1855,VIIRS NOAA-20,Archive/Standard,,,,3.3,n,N,0.39,0.37,2,5282.14,0,0,0,330.06,N20,VIIRS,297.53,0
13.54563,100.63747,12/15/2019,1855,1855,VIIRS NOAA-20,Archive/Standard,,,,1.72,n,N,0.39,0.37,2,5490.23,0,0,0,317,N20,VIIRS,292.13,0
13.54663,100.70322,12/17/2018,628,0628,VIIRS NOAA-20,Archive/Standard,,,,3.02,n,D,0.4,0.37,2,5148.44,0,0,0,332.57,N20,VIIRS,295.16,0
13.55785,100.6267,12/21/2021,1928,1928,VIIRS S-NPP,Archive/Standard,,,,0.36,n,N,0.36,0.58,2,5582.52,0,0,0,307.05,SNPP,SNPP,289.38,0
13.5675,100.70858,12/24/2012,1859,1859,VIIRS S-NPP,Archive/Standard,,,,2.37,n,N,0.44,0.39,2,4244.15,0,0,0,329.34,SNPP,SNPP,287.97,0
13.56396,100.70795,12/24/2012,1859,1859,VIIRS S-NPP,Archive/Standard,,,,1.75,n,N,0.44,0.39,2,4345.16,0,0,0,318.12,SNPP,SNPP,288,0
13.5702,100.63009,12/26/2013,1923,1923,VIIRS S-NPP,Archive/Standard,,,,1.37,n,N,0.56,0.51,2,4721.87,0,0,0,300.69,SNPP,SNPP,289.79,0
13.55865,100.65485,12/30/2016,622,0622,VIIRS S-NPP,Archive/Standard,,,,5.89,n,D,0.44,0.39,2,3173.24,0,0,0,342.73,SNPP,SNPP,297.35,0
13.55706,100.6796,12/30/2024,1845,1845,VIIRS S-NPP,NRT,,,,0.8,n,N,0.41,0.37,2.0NRT,2857.56,0,0,0,308.77,N21,VIIRS,293.82,
13.60887,100.64349,2/1/2026,719,0719,VIIRS S-NPP,Archive/Standard,,,,3.08,n,D,0.4,0.6,2,4324.99,0,0,0,337.27,SNPP,SNPP,299.76,0
13.57094,100.62843,2/12/2015,1843,1843,VIIRS S-NPP,Archive/Standard,,,,30.3,n,N,0.48,0.4,2,4873.94,0,0,0,339.56,SNPP,SNPP,296.69,0
13.56726,100.62788,2/12/2015,1843,1843,VIIRS S-NPP,Archive/Standard,,,,12.01,n,N,0.48,0.4,2,5046.66,0,0,0,338.38,SNPP,SNPP,292.56,0
13.55097,100.71236,2/13/2014,1905,1905,VIIRS S-NPP,Archive/Standard,,,,1.53,n,N,0.45,0.39,2,5530.67,0,0,0,314.4,SNPP,SNPP,293.45,0
13.58696,100.71262,2/14/2015,712,0712,VIIRS S-NPP,Archive/Standard,,,,1.87,n,D,0.62,0.54,2,4414.09,0,0,0,331.9,SNPP,SNPP,294.25,0
13.54445,100.65559,2/15/2026,637,0637,VIIRS NOAA-20,Archive/Standard,,,,2.88,n,D,0.39,0.36,2,4513.21,0,0,0,337.66,N20,VIIRS,302.47,0
13.60159,100.68713,2/16/2020,550,0550,VIIRS S-NPP,Archive/Standard,,,,2.72,l,D,0.46,0.63,2,2740.42,0,0,0,331.22,SNPP,SNPP,304.94,0
13.60074,100.68287,2/16/2020,550,0550,VIIRS S-NPP,Archive/Standard,,,,2.72,n,D,0.46,0.63,2,2412.68,0,0,0,339.05,SNPP,SNPP,304.01,0
13.59989,100.68446,2/16/2020,641,0641,VIIRS NOAA-20,Archive/Standard,,,,2.26,l,D,0.41,0.37,2,2420.37,0,0,0,336.1,N20,VIIRS,310.29,0
13.54502,100.65462,2/16/2025,635,0635,VIIRS S-NPP,Archive/Standard,,,,5.46,n,D,0.39,0.36,2,4498.21,0,0,0,345.51,SNPP,SNPP,307.32,0
13.56265,100.6629,2/17/2020,622,0622,VIIRS NOAA-20,Archive/Standard,,,,8.18,n,D,0.45,0.39,2,2343.26,0,0,0,344.89,N20,VIIRS,300.11,0
13.60999,100.67485,2/19/2019,628,0628,VIIRS NOAA-20,Archive/Standard,,,,2.05,l,D,0.4,0.37,2,3157.79,0,0,0,331.02,N20,VIIRS,304.03,0
13.54491,100.66555,2/19/2020,634,0634,VIIRS S-NPP,Archive/Standard,,,,3.19,n,D,0.38,0.36,2,4153.92,0,0,0,335.61,SNPP,SNPP,301.01,0
13.55326,100.65335,2/19/2020,634,0634,VIIRS S-NPP,Archive/Standard,,,,4.41,l,D,0.38,0.36,2,3759.67,0,0,0,335.46,SNPP,SNPP,305.48,0
13.59767,100.71472,2/22/2020,718,0718,VIIRS S-NPP,Archive/Standard,,,,7.46,n,D,0.51,0.66,2,4932.41,0,0,0,348.76,SNPP,SNPP,298.03,0
13.60298,100.71449,2/22/2020,718,0718,VIIRS S-NPP,Archive/Standard,,,,10.23,n,D,0.51,0.66,2,5152.07,0,0,0,354.15,SNPP,SNPP,297.59,0
13.55618,100.66722,2/23/2023,611,0611,VIIRS S-NPP,Archive/Standard,,,,2.94,l,D,0.45,0.47,2,2888.6,0,0,0,332.56,SNPP,SNPP,305.61,0
13.53983,100.64849,2/23/2026,635,0635,VIIRS S-NPP,NRT,,,,3.92,n,D,0.39,0.36,2.0NRT,5312.73,0,0,0,335.88,N21,VIIRS,303.65,
13.56432,100.68343,2/24/2021,628,0628,VIIRS NOAA-20,Archive/Standard,,,,0.9,n,D,0.4,0.37,2,2286.99,0,0,0,333.2,N20,VIIRS,302.74,0
13.56374,100.6798,2/24/2021,628,0628,VIIRS NOAA-20,Archive/Standard,,,,0.9,n,D,0.4,0.37,2,2163.37,0,0,0,333.06,N20,VIIRS,301.42,0
13.54427,100.66453,2/24/2022,635,0635,VIIRS S-NPP,Archive/Standard,,,,3.17,n,D,0.38,0.36,2,4244.04,0,0,0,337.02,SNPP,SNPP,300.02,0
13.57737,100.71178,2/25/2023,1855,1855,VIIRS NOAA-20,Archive/Standard,,,,0.23,n,N,0.4,0.37,2,4311.81,0,0,0,299.71,N20,VIIRS,281.14,0
13.55071,100.65428,2/27/2023,636,0636,VIIRS S-NPP,Archive/Standard,,,,4.16,n,D,0.38,0.36,2,3951.15,0,0,0,335.07,SNPP,SNPP,302.96,0
13.62373,100.68857,2/29/2012,634,0634,VIIRS S-NPP,Archive/Standard,,,,9.25,n,D,0.38,0.36,2,4998.09,0,0,0,337.9,SNPP,SNPP,301.82,0
13.5826,100.70811,2/3/2022,628,0628,VIIRS S-NPP,Archive/Standard,,,,1.75,n,D,0.4,0.37,2,3889.2,0,0,0,336.25,SNPP,SNPP,299.13,0
13.60965,100.64203,2/5/2026,713,0713,VIIRS S-NPP,NRT,,,,3.67,n,D,0.41,0.61,2.0NRT,4498.77,0,0,0,342.41,N21,VIIRS,297.59,
13.58064,100.70845,2/6/2023,630,0630,VIIRS S-NPP,Archive/Standard,,,,0.96,n,D,0.4,0.37,2,3926.53,0,0,0,333.41,SNPP,SNPP,298.61,0
13.55252,100.71328,2/7/2025,627,0627,VIIRS NOAA-20,Archive/Standard,,,,1.41,l,D,0.39,0.37,2,5505.82,0,0,0,330.86,N20,VIIRS,301.29,0
13.59555,100.71674,2/8/2012,627,0627,VIIRS S-NPP,Archive/Standard,,,,3.13,n,D,0.4,0.37,2,5060.16,0,0,0,339.75,SNPP,SNPP,303.83,0
13.55159,100.65219,3/1/2021,634,0634,VIIRS NOAA-20,Archive/Standard,,,,3.35,n,D,0.38,0.36,2,3983.69,0,0,0,337.69,N20,VIIRS,301.46,0
13.61244,100.64026,3/1/2026,624,0624,VIIRS S-NPP,NRT,,,,4.08,l,D,0.44,0.39,2.0NRT,4852.22,0,0,0,334.77,N21,VIIRS,307.42,
13.55697,100.66525,3/10/2015,622,0622,VIIRS S-NPP,Archive/Standard,,,,4.39,l,D,0.54,0.42,2,2850.38,0,0,0,331.24,SNPP,SNPP,304.81,0
13.54198,100.69656,3/10/2024,616,0616,VIIRS NOAA-20,Archive/Standard,,,,2.38,n,D,0.54,0.42,2,5146.76,0,0,0,333.87,N20,VIIRS,296.51,0
13.54411,100.69859,3/10/2024,616,0616,VIIRS NOAA-20,Archive/Standard,,,,7.07,n,D,0.54,0.42,2,5065.46,0,0,0,340.41,N20,VIIRS,298.16,0
13.54662,100.69795,3/10/2024,640,0640,VIIRS S-NPP,NRT,,,,6.87,n,D,0.41,0.37,2.0NRT,4797.07,0,0,0,337.63,N21,VIIRS,302.13,
13.57805,100.67528,3/11/2024,557,0557,VIIRS NOAA-20,Archive/Standard,,,,13.72,h,D,0.37,0.58,2,530.33,0,1,1,367,N20,VIIRS,294.21,0
13.58266,100.67401,3/11/2024,622,0622,VIIRS S-NPP,NRT,,,,5.25,n,D,0.44,0.39,2.0NRT,227.97,1,1,1,337.84,N21,VIIRS,302.8,
13.62551,100.68097,3/12/2020,713,0713,VIIRS NOAA-20,Archive/Standard,,,,1.75,n,D,0.4,0.6,2,4962.56,0,0,0,335.55,N20,VIIRS,299.34,0
13.62422,100.71382,3/13/2014,607,0607,VIIRS S-NPP,Archive/Standard,,,,21.08,n,D,0.56,0.51,2,6529.32,0,0,0,341.23,SNPP,SNPP,299.95,0
13.62419,100.71538,3/13/2014,607,0607,VIIRS S-NPP,Archive/Standard,,,,15.89,n,D,0.56,0.52,2,6644.39,0,0,0,354.25,SNPP,SNPP,301.18,0
13.56821,100.71042,3/13/2018,609,0609,VIIRS S-NPP,Archive/Standard,,,,1.83,n,D,0.45,0.47,2,4401.79,0,0,0,332,SNPP,SNPP,294.81,0
13.61615,100.66641,3/14/2014,729,0729,VIIRS S-NPP,Archive/Standard,,,,7.03,n,D,0.64,0.72,2,3878.86,0,0,0,339.89,SNPP,SNPP,295.46,0
13.61899,100.6333,3/14/2026,631,0631,VIIRS NOAA-20,Archive/Standard,,,,5.48,n,D,0.39,0.37,2,5899.17,0,0,0,336.43,N20,VIIRS,304.07,0
13.59965,100.71685,3/15/2026,612,0612,VIIRS NOAA-20,Archive/Standard,,,,2.14,n,D,0.43,0.46,2,5227.83,0,0,0,331.41,N20,VIIRS,300.83,0
13.55963,100.64495,3/16/2014,651,0651,VIIRS S-NPP,Archive/Standard,,,,7.12,n,D,0.47,0.4,2,3829.75,0,0,0,344.25,SNPP,SNPP,286.33,0
13.55362,100.63929,3/16/2014,1924,1924,VIIRS S-NPP,Archive/Standard,,,,8.64,n,N,0.56,0.51,2,4729.3,0,0,0,311.72,SNPP,SNPP,291.29,0
13.55267,100.64442,3/16/2014,1924,1924,VIIRS S-NPP,Archive/Standard,,,,7.15,n,N,0.56,0.51,2,4405.35,0,0,0,318.71,SNPP,SNPP,283.21,0
13.55927,100.64212,3/16/2014,1924,1924,VIIRS S-NPP,Archive/Standard,,,,9.86,n,N,0.55,0.51,2,4093.5,0,0,0,349.59,SNPP,SNPP,296.69,0
13.55828,100.64724,3/16/2014,1924,1924,VIIRS S-NPP,Archive/Standard,,,,9.86,n,N,0.56,0.51,2,3746.09,0,0,0,317.08,SNPP,SNPP,293.05,0
13.55833,100.64023,3/16/2014,1924,1924,VIIRS S-NPP,Archive/Standard,,,,18.8,n,N,0.56,0.51,2,4319.37,0,0,0,339.57,SNPP,SNPP,295.28,0
13.55737,100.64536,3/16/2014,1924,1924,VIIRS S-NPP,Archive/Standard,,,,19.4,n,N,0.56,0.51,2,3963.07,0,0,0,345.93,SNPP,SNPP,296.65,0
13.55614,100.6459,3/17/2014,1905,1905,VIIRS S-NPP,Archive/Standard,,,,4.56,n,N,0.44,0.39,2,4016.29,0,0,0,330.24,SNPP,SNPP,297.69,0
13.55683,100.64182,3/17/2014,1905,1905,VIIRS S-NPP,Archive/Standard,,,,4.56,n,N,0.44,0.39,2,4289.08,0,0,0,330.98,SNPP,SNPP,297.2,0
13.54871,100.70863,3/18/2012,556,0556,VIIRS S-NPP,Archive/Standard,,,,2.54,n,D,0.35,0.57,2,5387.63,0,0,0,339.89,SNPP,SNPP,292.77,0
13.55399,100.64317,3/18/2014,613,0613,VIIRS S-NPP,Archive/Standard,,,,2.45,n,D,0.45,0.47,2,4394.14,0,0,0,340.15,SNPP,SNPP,302.49,0
13.55826,100.64239,3/18/2014,613,0613,VIIRS S-NPP,Archive/Standard,,,,1.21,n,D,0.45,0.47,2,4140.22,0,0,0,331.97,SNPP,SNPP,299.16,0
13.5739,100.63216,3/18/2024,616,0616,VIIRS S-NPP,Archive/Standard,,,,2.38,n,D,0.53,0.42,2,4407.7,0,0,0,331.74,SNPP,SNPP,300.93,0
13.55528,100.64165,3/19/2014,1828,1828,VIIRS S-NPP,Archive/Standard,,,,1.26,n,N,0.49,0.49,2,4415.94,0,0,0,302.77,SNPP,SNPP,278.58,0
13.61588,100.7044,3/19/2026,616,0616,VIIRS S-NPP,Archive/Standard,,,,1.24,n,D,0.44,0.46,2,5156.58,0,0,0,330.85,SNPP,SNPP,297.5,0
13.55797,100.65975,3/2/2023,628,0628,VIIRS NOAA-20,Archive/Standard,,,,4.8,n,D,0.4,0.37,2,2960.39,0,0,0,340.04,N20,VIIRS,302.94,0
13.55871,100.66685,3/20/2013,615,0615,VIIRS S-NPP,Archive/Standard,,,,6.17,l,D,0.53,0.42,2,2621.02,0,0,0,332.75,SNPP,SNPP,302.86,0
13.62212,100.65616,3/20/2016,707,0707,VIIRS S-NPP,Archive/Standard,,,,6.7,n,D,0.61,0.53,2,4813.42,0,0,0,331,SNPP,SNPP,299.79,0
13.6228,100.66187,3/20/2016,707,0707,VIIRS S-NPP,Archive/Standard,,,,9.36,n,D,0.61,0.53,2,4701.44,0,0,0,342.22,SNPP,SNPP,300.68,0
13.61414,100.66448,3/21/2014,657,0657,VIIRS S-NPP,Archive/Standard,,,,3.68,n,D,0.39,0.44,2,3699.42,0,0,0,335.78,SNPP,SNPP,298.5,0
13.55794,100.66615,3/22/2012,621,0621,VIIRS S-NPP,Archive/Standard,,,,6.93,l,D,0.44,0.39,2,2721.65,0,0,0,338.75,SNPP,SNPP,311.08,0
13.61996,100.69949,3/23/2017,706,0706,VIIRS S-NPP,Archive/Standard,,,,9.42,n,D,0.62,0.54,2,5179.21,0,0,0,346.31,SNPP,SNPP,292.4,0
13.6125,100.70232,3/24/2019,610,0610,VIIRS NOAA-20,Archive/Standard,,,,2.83,n,D,0.44,0.46,2,4728.52,0,0,0,332.06,N20,VIIRS,297.9,0
13.61421,100.70224,3/24/2022,610,0610,VIIRS S-NPP,Archive/Standard,,,,2.14,n,D,0.44,0.46,2,4862.15,0,0,0,331,SNPP,SNPP,293.17,0
13.61678,100.67428,3/26/2014,704,0704,VIIRS S-NPP,Archive/Standard,,,,7.85,n,D,0.49,0.49,2,3906.04,0,0,0,341.82,SNPP,SNPP,297.06,0
13.61285,100.67945,3/26/2014,704,0704,VIIRS S-NPP,Archive/Standard,,,,7.85,n,D,0.49,0.49,2,3551.21,0,0,0,341.86,SNPP,SNPP,297.08,0
13.61228,100.67487,3/26/2014,704,0704,VIIRS S-NPP,Archive/Standard,,,,7.85,n,D,0.49,0.49,2,3411.59,0,0,0,341.9,SNPP,SNPP,298.1,0
13.61735,100.67886,3/26/2014,704,0704,VIIRS S-NPP,Archive/Standard,,,,7.85,n,D,0.49,0.49,2,4028.59,0,0,0,341.54,SNPP,SNPP,296.6,0
13.61625,100.70329,3/26/2020,610,0610,VIIRS NOAA-20,Archive/Standard,,,,1.83,l,D,0.44,0.46,2,5107.1,0,0,0,330.2,N20,VIIRS,301.57,0
13.6216,100.69079,3/27/2012,628,0628,VIIRS S-NPP,Archive/Standard,,,,3.18,l,D,0.39,0.37,2,4871.72,0,0,0,333.46,SNPP,SNPP,302.71,0
13.61033,100.66277,3/27/2012,628,0628,VIIRS S-NPP,Archive/Standard,,,,3.36,l,D,0.4,0.37,2,3339.2,0,0,0,337.07,SNPP,SNPP,304.26,0
13.6154,100.70076,3/27/2023,612,0612,VIIRS S-NPP,Archive/Standard,,,,1.38,n,D,0.44,0.46,2,4857.89,0,0,0,330.97,SNPP,SNPP,300,0
13.61281,100.70395,3/29/2021,609,0609,VIIRS NOAA-20,Archive/Standard,,,,1.97,n,D,0.45,0.47,2,4876.11,0,0,0,330.94,N20,VIIRS,300.32,0
13.60492,100.68428,3/29/2021,609,0609,VIIRS NOAA-20,Archive/Standard,,,,2.04,n,D,0.45,0.47,2,2894.89,0,0,0,333.14,N20,VIIRS,299.48,0
13.56338,100.68254,3/29/2022,1939,1939,VIIRS NOAA-20,Archive/Standard,,,,1.11,n,N,0.59,0.7,2,2328.09,0,0,0,302.81,N20,VIIRS,280.09,0
13.53927,100.64908,3/3/2026,637,0637,VIIRS NOAA-20,Archive/Standard,,,,2.22,n,D,0.39,0.36,2,5337.32,0,0,0,337.99,N20,VIIRS,299.6,0
13.58157,100.7159,3/30/2013,1901,1901,VIIRS S-NPP,Archive/Standard,,,,2.47,n,N,0.45,0.39,2,4729.98,0,0,0,311.79,SNPP,SNPP,297.46,0
13.58607,100.62935,3/31/2026,612,0612,VIIRS NOAA-20,Archive/Standard,,,,1.12,l,D,0.44,0.46,2,4650.12,0,0,0,330.43,N20,VIIRS,302.1,0
13.58276,100.70872,3/31/2026,612,0612,VIIRS NOAA-20,Archive/Standard,,,,2.12,n,D,0.44,0.46,2,3955.59,0,0,0,339.99,N20,VIIRS,302.87,0
13.56643,100.68598,3/4/2014,716,0716,VIIRS S-NPP,Archive/Standard,,,,2.59,n,D,0.4,0.6,2,2264.18,0,0,0,338.81,SNPP,SNPP,300.95,0
13.56535,100.68863,3/4/2014,716,0716,VIIRS S-NPP,Archive/Standard,,,,4.08,n,D,0.4,0.6,2,2547.2,0,0,0,331.82,SNPP,SNPP,300.97,0
13.54976,100.64462,3/4/2019,634,0634,VIIRS S-NPP,Archive/Standard,,,,3.16,n,D,0.38,0.36,2,4633.88,0,0,0,334.6,SNPP,SNPP,304.59,0
13.56738,100.68513,3/7/2023,635,0635,VIIRS NOAA-20,Archive/Standard,,,,2.44,l,D,0.38,0.36,2,2124.18,0,0,0,331.8,N20,VIIRS,305.25,0
13.53881,100.65977,3/8/2019,610,0610,VIIRS NOAA-20,Archive/Standard,,,,4.2,n,D,0.45,0.47,2,4954.51,0,0,0,332.99,N20,VIIRS,301.84,0
13.55664,100.66607,3/9/2013,621,0621,VIIRS S-NPP,Archive/Standard,,,,3.64,l,D,0.44,0.39,2,2864.23,0,0,0,330.37,SNPP,SNPP,301.28,0
13.55728,100.6653,3/9/2025,616,0616,VIIRS S-NPP,NRT,,,,5.77,n,D,0.53,0.42,2.0NRT,2815.7,0,0,0,330.73,N21,VIIRS,300.02,
13.61323,100.70122,4/1/2022,610,0610,VIIRS NOAA-20,Archive/Standard,,,,2.7,n,D,0.44,0.46,2,4707.42,0,0,0,331.25,N20,VIIRS,299.39,0
13.60762,100.71412,4/11/2018,615,0615,VIIRS NOAA-20,Archive/Standard,,,,2.78,n,D,0.53,0.42,2,5374.49,0,0,0,332.99,N20,VIIRS,301.01,0
13.54698,100.63844,4/12/2022,1837,1837,VIIRS NOAA-20,Archive/Standard,,,,1.79,n,N,0.48,0.4,2,5309.02,0,0,0,312.26,N20,VIIRS,292.73,0
13.54332,100.63788,4/12/2022,1837,1837,VIIRS NOAA-20,Archive/Standard,,,,1.79,n,N,0.48,0.4,2,5651.53,0,0,0,327.48,N20,VIIRS,292.44,0
13.62515,100.68737,4/12/2023,700,0700,VIIRS NOAA-20,Archive/Standard,,,,1.56,n,D,0.49,0.49,2,5102.69,0,0,0,336.51,N20,VIIRS,298.4,0
13.62315,100.6876,4/12/2023,700,0700,VIIRS NOAA-20,Archive/Standard,,,,2.43,n,D,0.49,0.49,2,4901.14,0,0,0,333.44,N20,VIIRS,298.39,0
13.54029,100.68947,4/12/2026,708,0708,VIIRS S-NPP,Archive/Standard,,,,3.11,l,D,0.49,0.49,2,4972.54,0,0,0,332.2,SNPP,SNPP,305.92,0
13.5903,100.67017,4/13/2024,1902,1902,VIIRS S-NPP,Archive/Standard,,,,0.84,n,N,0.45,0.39,2,978.16,0,1,1,311.62,SNPP,SNPP,293.48,0
13.60799,100.65902,4/16/2012,653,0653,VIIRS S-NPP,Archive/Standard,,,,2.83,n,D,0.39,0.44,2,3247.64,0,0,0,331.8,SNPP,SNPP,298.7,0
13.60848,100.66265,4/16/2012,653,0653,VIIRS S-NPP,Archive/Standard,,,,2.83,n,D,0.39,0.44,2,3148.0,0,0,0,331.97,SNPP,SNPP,299.78,0
13.62195,100.68539,4/17/2014,652,0652,VIIRS S-NPP,Archive/Standard,,,,3.04,n,D,0.48,0.4,2,4697.68,0,0,0,339.25,SNPP,SNPP,298.32,0
13.61745,100.67153,4/17/2016,642,0642,VIIRS S-NPP,Archive/Standard,,,,2.34,n,D,0.41,0.37,2,3974.22,0,0,0,332.43,SNPP,SNPP,300.93,0
13.61403,100.67205,4/17/2016,642,0642,VIIRS S-NPP,Archive/Standard,,,,2.34,n,D,0.41,0.37,2,3593.41,0,0,0,339.15,SNPP,SNPP,301.79,0
13.59893,100.68499,4/19/2020,1842,1842,VIIRS S-NPP,Archive/Standard,,,,1.05,n,N,0.41,0.37,2,2365.16,0,0,0,312.29,SNPP,SNPP,294.47,0
13.62293,100.68578,4/22/2016,648,0648,VIIRS S-NPP,Archive/Standard,,,,7.2,n,D,0.47,0.4,2,4814.32,0,0,0,347.29,SNPP,SNPP,302.29,0
13.62259,100.68688,4/22/2016,648,0648,VIIRS S-NPP,Archive/Standard,,,,7.81,n,D,0.47,0.4,2,4816.35,0,0,0,344.83,SNPP,SNPP,303.02,0
13.55517,100.63654,4/22/2023,624,0624,VIIRS S-NPP,Archive/Standard,,,,6.19,n,D,0.45,0.39,2,4849.57,0,0,0,345.28,SNPP,SNPP,303.74,0
13.58766,100.71613,4/24/2019,1902,1902,VIIRS NOAA-20,Archive/Standard,,,,1.34,n,N,0.45,0.39,2,4800.5,0,0,0,313.26,N20,VIIRS,296.01,0
13.56975,100.69324,4/24/2022,1812,1812,VIIRS NOAA-20,Archive/Standard,,,,2.32,n,N,0.4,0.6,2,2640.41,0,0,0,311.05,N20,VIIRS,291.04,0
13.56974,100.69341,4/24/2022,1812,1812,VIIRS NOAA-20,Archive/Standard,,,,1.98,n,N,0.4,0.6,2,2656.85,0,0,0,313.18,N20,VIIRS,290.98,0
13.56422,100.6927,4/24/2022,1812,1812,VIIRS NOAA-20,Archive/Standard,,,,1.98,n,N,0.4,0.6,2,2953.5,0,0,0,314.47,N20,VIIRS,290.08,0
13.56422,100.69254,4/24/2022,1812,1812,VIIRS NOAA-20,Archive/Standard,,,,2.88,n,N,0.4,0.6,2,2940.51,0,0,0,318.25,N20,VIIRS,290.33,0
13.56582,100.68546,4/26/2012,1758,1758,VIIRS S-NPP,Archive/Standard,,,,0.8,n,N,0.63,0.72,2,2279.62,0,0,0,303.23,SNPP,SNPP,267.79,0
13.56858,100.68624,4/26/2012,1758,1758,VIIRS S-NPP,Archive/Standard,,,,1.25,n,N,0.63,0.72,2,2110.91,0,0,0,299.4,SNPP,SNPP,267.73,0
13.56415,100.68915,4/27/2012,646,0646,VIIRS S-NPP,Archive/Standard,,,,6.07,n,D,0.48,0.4,2,2682.38,0,0,0,337.1,SNPP,SNPP,297.79,0
13.56784,100.68861,4/27/2012,646,0646,VIIRS S-NPP,Archive/Standard,,,,6.04,n,D,0.48,0.4,2,2355.75,0,0,0,330.53,SNPP,SNPP,296.65,0
13.57731,100.70866,4/4/2019,604,0604,VIIRS NOAA-20,Archive/Standard,,,,4.26,n,D,0.56,0.52,2,3977.7,0,0,0,337.27,N20,VIIRS,296.87,0
13.59402,100.70048,4/5/2026,618,0618,VIIRS NOAA-20,Archive/Standard,,,,3.68,l,D,0.53,0.42,2,3354.93,0,0,0,336.17,N20,VIIRS,307.17,0
13.54616,100.64111,4/7/2024,616,0616,VIIRS S-NPP,NRT,,,,29.66,n,D,0.53,0.42,2.0NRT,5184.5,0,0,0,333.92,N21,VIIRS,300.97,
13.54264,100.63757,4/7/2024,642,0642,VIIRS S-NPP,Archive/Standard,,,,4.54,n,D,0.41,0.37,2,5730.66,0,0,0,337.38,SNPP,SNPP,303.7,0
13.54319,100.64137,4/7/2024,642,0642,VIIRS S-NPP,Archive/Standard,,,,5.65,n,D,0.41,0.37,2,5423.26,0,0,0,339.32,SNPP,SNPP,305.04,0
13.54663,100.64086,4/7/2024,642,0642,VIIRS S-NPP,Archive/Standard,,,,16.36,n,D,0.41,0.37,2,5162.41,0,0,0,347.61,SNPP,SNPP,302.83,0
13.54621,100.64141,4/7/2024,706,0706,VIIRS NOAA-20,Archive/Standard,,,,1.96,n,D,0.62,0.54,2,5159.32,0,0,0,331.62,N20,VIIRS,298.31,0
13.59554,100.68864,4/8/2019,718,0718,VIIRS S-NPP,Archive/Standard,,,,12.01,h,D,0.5,0.66,2,2354.65,0,0,0,367,SNPP,SNPP,294.18,0
13.6104,100.71564,4/8/2020,615,0615,VIIRS S-NPP,Archive/Standard,,,,2.68,l,D,0.53,0.42,2,5681.48,0,0,0,330.66,SNPP,SNPP,301.99,0
13.60391,100.68703,4/9/2019,610,0610,VIIRS NOAA-20,Archive/Standard,,,,2,n,D,0.44,0.46,2,2946.49,0,0,0,332.97,N20,VIIRS,298.27,0
13.55978,100.64274,5/12/2014,724,0724,VIIRS S-NPP,Archive/Standard,,,,1.93,n,D,0.51,0.66,2,4005.81,0,0,0,332.72,SNPP,SNPP,289.13,0
13.55617,100.64433,5/14/2023,611,0611,VIIRS S-NPP,Archive/Standard,,,,11.13,n,D,0.45,0.47,2,4135.59,0,0,0,341.53,SNPP,SNPP,296.59,0
13.55188,100.64512,5/14/2023,611,0611,VIIRS S-NPP,Archive/Standard,,,,13.16,n,D,0.45,0.47,2,4419.79,0,0,0,343.61,SNPP,SNPP,301.48,0
13.55328,100.6442,5/14/2023,701,0701,VIIRS NOAA-20,Archive/Standard,,,,8.48,n,D,0.49,0.48,2,4372.26,0,0,0,339.54,N20,VIIRS,298.94,0
13.55386,100.6487,5/14/2023,701,0701,VIIRS NOAA-20,Archive/Standard,,,,8.77,n,D,0.49,0.48,2,4001.46,0,0,0,338.92,N20,VIIRS,297.17,0
13.58152,100.71622,5/17/2023,1837,1837,VIIRS NOAA-20,Archive/Standard,,,,14.53,n,N,0.47,0.4,2,4764.58,0,0,0,330.79,N20,VIIRS,294.21,0
13.58358,100.71703,5/17/2023,1928,1928,VIIRS S-NPP,Archive/Standard,,,,1.06,n,N,0.35,0.57,2,4856.5,0,0,0,310.61,SNPP,SNPP,291.18,0
13.57836,100.71594,5/17/2023,1928,1928,VIIRS S-NPP,Archive/Standard,,,,0.98,n,N,0.35,0.57,2,4748.97,0,0,0,317.11,SNPP,SNPP,291.55,0
13.6169,100.69754,5/25/2014,641,0641,VIIRS S-NPP,Archive/Standard,,,,1.45,n,D,0.39,0.36,2,4779.59,0,0,0,335.28,SNPP,SNPP,298.07,0
13.61629,100.67036,5/29/2015,620,0620,VIIRS S-NPP,Archive/Standard,,,,2.65,n,D,0.54,0.42,2,3849.5,0,0,0,330.09,SNPP,SNPP,296.11,0
13.61624,100.6733,5/29/2015,620,0620,VIIRS S-NPP,Archive/Standard,,,,2.58,n,D,0.54,0.42,2,3841.18,0,0,0,332.16,SNPP,SNPP,296.86,0
13.58891,100.69491,5/29/2020,659,0659,VIIRS S-NPP,Archive/Standard,,,,3.81,n,D,0.49,0.48,2,2588.0,0,0,0,336.79,SNPP,SNPP,291.13,0
13.58674,100.69706,5/29/2020,659,0659,VIIRS S-NPP,Archive/Standard,,,,2.06,n,D,0.49,0.48,2,2750.95,0,0,0,333.68,SNPP,SNPP,290.29,0
13.58999,100.71165,5/3/2016,642,0642,VIIRS S-NPP,Archive/Standard,,,,2.03,n,D,0.41,0.37,2,4368.54,0,0,0,335.43,SNPP,SNPP,303.89,0
13.53948,100.71493,5/3/2016,1915,1915,VIIRS S-NPP,Archive/Standard,,,,3.69,n,N,0.44,0.46,2,6591.64,0,0,0,329.94,SNPP,SNPP,293.38,0
13.54374,100.71574,5/3/2016,1915,1915,VIIRS S-NPP,Archive/Standard,,,,9.89,n,N,0.44,0.46,2,6327.89,0,0,0,339.23,SNPP,SNPP,296.5,0
13.55783,100.66589,5/4/2012,615,0615,VIIRS S-NPP,Archive/Standard,,,,5.29,n,D,0.53,0.42,2,2740.32,0,0,0,331.3,SNPP,SNPP,300.66,0
13.62124,100.68477,5/6/2020,641,0641,VIIRS NOAA-20,Archive/Standard,,,,9.66,n,D,0.41,0.37,2,4602.23,0,0,0,339.39,N20,VIIRS,305.28,0
13.62069,100.68097,5/6/2020,641,0641,VIIRS NOAA-20,Archive/Standard,,,,9.66,n,D,0.41,0.37,2,4437.8,0,0,0,335.9,N20,VIIRS,304.55,0
13.5439,100.63992,5/6/2023,1844,1844,VIIRS NOAA-20,Archive/Standard,,,,7.64,n,N,0.41,0.37,2,5459.73,0,0,0,340.99,N20,VIIRS,295.99,0
13.54447,100.63615,5/6/2023,1844,1844,VIIRS NOAA-20,Archive/Standard,,,,7.64,n,N,0.41,0.37,2,5681.92,0,0,0,336.15,N20,VIIRS,296.89,0
13.54166,100.63838,5/6/2023,1935,1935,VIIRS S-NPP,Archive/Standard,,,,1.85,n,N,0.45,0.63,2,5757.83,0,0,0,319.36,SNPP,SNPP,289.94,0
13.54248,100.63423,5/6/2023,1935,1935,VIIRS S-NPP,Archive/Standard,,,,1.8,n,N,0.45,0.63,2,5985.31,0,0,0,311.67,SNPP,SNPP,290.25,0
13.54133,100.63583,5/6/2023,1935,1935,VIIRS S-NPP,Archive/Standard,,,,2.12,n,N,0.45,0.63,2,5963.94,0,0,0,321.51,SNPP,SNPP,289.93,0
13.61864,100.69867,5/9/2014,640,0640,VIIRS S-NPP,Archive/Standard,,,,3.91,n,D,0.39,0.36,2,5008.12,0,0,0,333.95,SNPP,SNPP,301.15,0
13.62196,100.69815,5/9/2014,640,0640,VIIRS S-NPP,Archive/Standard,,,,2.67,n,D,0.39,0.36,2,5284.88,0,0,0,333.56,SNPP,SNPP,298.87,0
13.61917,100.70222,5/9/2014,640,0640,VIIRS S-NPP,Archive/Standard,,,,3.91,n,D,0.39,0.36,2,5283.58,0,0,0,333.3,SNPP,SNPP,298.95,0
13.60444,100.6761,6/1/2015,704,0704,VIIRS S-NPP,Archive/Standard,,,,5.01,n,D,0.49,0.48,2,2563.04,0,0,0,333.48,SNPP,SNPP,298.32,0
13.55754,100.66967,6/27/2014,622,0622,VIIRS S-NPP,Archive/Standard,,,,3.88,n,D,0.53,0.42,2,2701.23,0,0,0,337.02,SNPP,SNPP,296.39,0
13.54789,100.64777,7/1/2018,556,0556,VIIRS NOAA-20,Archive/Standard,,,,16.06,h,D,0.37,0.58,2,4591.74,0,0,0,367,N20,VIIRS,291.71,0
13.54726,100.64442,7/1/2018,556,0556,VIIRS NOAA-20,Archive/Standard,,,,12.77,n,D,0.37,0.58,2,4863.61,0,0,0,351.75,N20,VIIRS,291.84,0
13.5662,100.71664,7/11/2015,1847,1847,VIIRS S-NPP,Archive/Standard,,,,0.86,n,N,0.41,0.37,2,5110.07,0,0,0,302.23,SNPP,SNPP,270.22,0
13.56962,100.71718,7/11/2015,1847,1847,VIIRS S-NPP,Archive/Standard,,,,1.28,n,N,0.41,0.37,2,5050.74,0,0,0,310.53,SNPP,SNPP,268.62,0
13.60201,100.63748,7/2/2014,629,0629,VIIRS S-NPP,Archive/Standard,,,,2.27,n,D,0.44,0.39,2,4373.28,0,0,0,330.23,SNPP,SNPP,293.37,0
13.60231,100.68489,7/4/2014,732,0732,VIIRS S-NPP,Archive/Standard,,,,3.94,n,D,0.65,0.73,2,2672.87,0,0,0,329.91,SNPP,SNPP,286.88,0
13.56864,100.71671,8/15/2019,609,0609,VIIRS NOAA-20,Archive/Standard,,,,1.83,n,D,0.45,0.47,2,5032.19,0,0,0,330.85,N20,VIIRS,292.89,0
13.53968,100.71185,8/25/2021,616,0616,VIIRS NOAA-20,Archive/Standard,,,,4.61,n,D,0.52,0.42,2,6346.04,0,0,0,332.74,N20,VIIRS,290.77,0
13.54066,100.7097,8/31/2023,617,0617,VIIRS NOAA-20,Archive/Standard,,,,3.19,n,D,0.53,0.42,2,6109.34,0,0,0,331.36,N20,VIIRS,292.66,0
13.5753,100.70782,9/11/2019,602,0602,VIIRS NOAA-20,Archive/Standard,,,,3.52,n,D,0.57,0.52,2,3922.06,0,0,0,331.58,N20,VIIRS,290.73,0
13.5571,100.69695,9/18/2021,616,0616,VIIRS S-NPP,Archive/Standard,,,,2.93,n,D,0.53,0.42,2,3831.87,0,0,0,338.09,SNPP,SNPP,295.15,0
13.53964,100.71001,9/18/2021,616,0616,VIIRS S-NPP,Archive/Standard,,,,2.73,n,D,0.52,0.42,2,6216.57,0,0,0,336.87,SNPP,SNPP,293.94,0
13.6044,100.68465,9/21/2024,609,0609,VIIRS S-NPP,Archive/Standard,,,,3.1,n,D,0.44,0.46,2,2862.15,0,0,0,327.53,SNPP,SNPP,289.64,0
13.55775,100.66732,9/26/2014,618,0618,VIIRS S-NPP,Archive/Standard,,,,4.3,n,D,0.44,0.46,2,2715.1,0,0,0,328.37,SNPP,SNPP,295.55,0
13.6081,100.68384,9/29/2021,610,0610,VIIRS S-NPP,Archive/Standard,,,,4.66,n,D,0.43,0.46,2,3194.95,0,0,0,336.88,SNPP,SNPP,296.77,0
