system:index,control_P95_C,control_mean_C,control_median_C,control_valid_pixels,date,delta_P95_C,delta_median_C,month,scene_count,site_P90_C,site_P95_C,site_max_C,site_mean_C,site_median_C,site_valid_pixels,year,.geo,pixel_coverage_fraction,good_pixel_coverage,monthly_median_delta,monthly_MAD_delta,robust_Z,thermal_class
3,48.68188147368424,43.00827883231145,42.68740821222531,4723,2013-06-07,9.301707437774697,4.798466087774706,6,1,51.40634324000001,51.98911565,52.83507559999998,47.146740773758594,47.48587430000001,294,2013,"{""type"":""MultiPoint"",""coordinates"":[]}",1.0,True,8.137254954762348,1.2319792138873433,0.6375208532643534,Background range
8,48.44473222347947,40.26990212947675,39.43861794420717,3605,2013-10-13,14.534658315792868,7.623421875792857,10,1,53.174598920000015,53.973276260000034,55.07387870000002,46.89664611658,47.06203982000002,294,2013,"{""type"":""MultiPoint"",""coordinates"":[]}",1.0,True,9.02100873857114,3.5487631469695557,1.0479441813421184,Background range
9,40.22236309225027,33.07956294356412,32.53008199843397,3115,2013-10-29,5.31013986156605,2.6934838021762744,10,2,37.531745555000015,37.84022186000002,38.012831870000014,34.996603655906604,35.223565800610245,206,2013,"{""type"":""MultiPoint"",""coordinates"":[]}",0.7006802721088435,True,9.02100873857114,3.5487631469695557,-0.7053011608584245,Background range
11,39.91383374082665,35.567241177806615,35.71587919701379,2386,2013-12-16,3.7889184029862255,2.907069242986225,12,1,39.316806499999984,39.50479760000002,40.00041050000005,38.54824559985403,38.622948440000016,39,2013,"{""type"":""MultiPoint"",""coordinates"":[]}",0.1326530612244898,False,9.623865966464932,1.1885115369380888,-3.3113841063217824,Background range
0,30.662008336086977,25.335095002041182,24.477343037369536,1221,2014-01-17,11.17591569263049,7.352860322630487,1,2,35.02548239000001,35.653258730000026,36.32774801000002,31.350530456871123,31.830203360000024,201,2014,"{""type"":""MultiPoint"",""coordinates"":[]}",0.6836734693877551,True,9.282853171546076,1.3636745011020182,0.9363328100298481,Background range
1,38.78133473203668,34.15125994732365,34.15349328016495,3859,2014-02-02,9.36861715983506,6.058264789835043,2,2,43.14498890000005,43.52211044000001,44.43870947000002,39.67858762812696,40.21175807,255,2014,"{""type"":""MultiPoint"",""coordinates"":[]}",0.8673469387755102,True,8.426833472904178,1.6478439934050328,0.38548818747585323,Background range
3,40.46715012578949,35.87825356854323,35.96486822000002,2973,2014-03-06,9.255713324999997,5.981421065999989,3,2,44.901423927500005,45.220581545000016,45.75977420000001,41.29417366788096,41.94628928600001,266,2014,"{""type"":""MultiPoint"",""coordinates"":[]}",0.9047619047619048,True,9.255713324999997,1.57838768186848,0.0,Background range
5,45.95075606750002,41.67722450370192,42.28337231698245,2156,2014-04-07,12.899883023017573,9.194749343017556,4,2,54.742330760000016,55.18325534000002,55.62759793999999,50.96975855019928,51.47812166,177,2014,"{""type"":""MultiPoint"",""coordinates"":[]}",0.6020408163265306,True,8.717302541336988,1.2942534602992204,2.179721339132834,Elevated anomaly
8,50.82453623387297,42.91693471033937,42.56488918556065,4906,2014-05-25,10.623951484439369,4.133558756939372,5,2,52.45738439000004,53.18884067000002,54.39881975000003,46.529463272284666,46.698447942500025,294,2014,"{""type"":""MultiPoint"",""coordinates"":[]}",1.0,True,9.526327090928367,2.659472256821113,0.27837760251133564,Background range
12,37.05355985964028,31.286349721322857,31.560439938279725,4643,2014-08-13,9.677293801720284,5.132539882468794,8,2,40.74553886000001,41.23773374000001,41.91108367999999,36.23547642153778,36.69297982074852,294,2014,"{""type"":""MultiPoint"",""coordinates"":[]}",1.0,True,9.778566383138529,0.3723682370087902,-0.18344051282047147,Background range
18,44.94860481071431,38.04512563964211,37.56802607340133,4308,2014-11-17,9.530757461598682,4.3903402165986805,11,2,46.28387060000002,47.09878353500001,48.81719309000002,41.74256147743167,41.95836629000001,294,2014,"{""type"":""MultiPoint"",""coordinates"":[]}",1.0,True,9.4243281870027,1.0567645610239635,0.06792957002951489,Background range
0,39.28150744144651,34.24459854583747,33.90646832616676,3795,2015-01-04,10.871479628833242,6.746783993833276,1,2,44.28148055000002,44.777947955,46.01783471000002,39.77910111952593,40.65325232000004,248,2015,"{""type"":""MultiPoint"",""coordinates"":[]}",0.8435374149659864,True,9.282853171546076,1.3636745011020182,0.7857548592676018,Background range
1,36.783373838644,32.494824019523804,32.21761182557693,3737,2015-01-20,8.748958994423091,5.013140565296894,1,2,40.00041050000005,40.96657082000002,41.86494041,36.49880146673652,37.23075239087383,238,2015,"{""type"":""MultiPoint"",""coordinates"":[]}",0.8095238095238095,True,9.282853171546076,1.3636745011020182,-0.26407085321079404,Background range
2,37.97685155198625,33.28476702462093,32.842380456700944,2850,2015-02-05,7.826252953299068,4.295011040799082,2,2,39.698770235000026,40.66863341000001,41.94526388000003,36.84381078701676,37.137391497500026,229,2015,"{""type"":""MultiPoint"",""coordinates"":[]}",0.7789115646258503,True,8.426833472904178,1.6478439934050328,-0.24582788930051974,Background range
3,33.35577962000002,29.2563013559018,29.08801888844342,1084,2015-02-21,5.826377851556611,5.262404551556568,2,2,34.82894624000005,34.91439674000003,34.91439674000003,34.19104280786984,34.350423439999986,18,2015,"{""type"":""MultiPoint"",""coordinates"":[]}",0.061224489795918366,False,8.426833472904178,1.6478439934050328,-1.064411008595266,Background range
5,39.968407586744746,34.873831676355586,34.47119094226836,4338,2015-03-25,6.573424667731665,2.9383603977316497,3,2,40.33081910000002,41.04461561000002,41.77436288000004,37.30167868995362,37.40955134000001,294,2015,"{""type"":""MultiPoint"",""coordinates"":[]}",1.0,True,9.255713324999997,1.57838768186848,-1.146219610276409,Background range
6,44.67583460750001,38.309038163695085,37.817678587490185,4544,2015-04-26,8.38729271750983,4.464233524413352,4,2,45.89706467000002,46.204971305000015,46.45021424000001,41.97674881267119,42.28191211190354,294,2015,"{""type"":""MultiPoint"",""coordinates"":[]}",1.0,True,8.717302541336988,1.2942534602992204,-0.17198221487192827,Background range
8,51.67050332472975,44.07304790676651,43.93570248225052,4092,2015-05-28,12.18579934774948,5.862120545749505,5,2,54.92092230500002,56.12150183,57.50409092000004,50.07963999229833,49.797823028000025,294,2015,"{""type"":""MultiPoint"",""coordinates"":[]}",1.0,True,9.526327090928367,2.659472256821113,0.6744907594765952,Background range
9,30.5897157177895,24.65735742489753,24.222905083543655,4906,2015-06-13,4.915037856456372,2.6471815864563766,6,2,28.771787547500036,29.13794294000003,29.525888210000005,26.59280358720953,26.870086670000035,294,2015,"{""type"":""MultiPoint"",""coordinates"":[]}",1.0,True,8.137254954762348,1.2319792138873433,-1.764117148516767,Background range
10,46.41945206000002,39.50622062295575,39.06145306746072,4538,2015-06-29,7.717745597539306,4.764576317539294,6,2,46.292985320000014,46.77919866500002,47.64993926,43.47283670946875,43.82602938500001,195,2015,"{""type"":""MultiPoint"",""coordinates"":[]}",0.6632653061224489,True,8.137254954762348,1.2319792138873433,-0.22967529141021878,Background range
13,36.55905501966811,30.41790567524976,30.061540108462463,2707,2015-08-16,10.273836351537556,5.1912406115375695,8,2,38.998930640000026,40.33537646000002,40.35246656000004,35.28486690534425,35.25278072000003,34,2015,"{""type"":""MultiPoint"",""coordinates"":[]}",0.11564625850340136,False,9.778566383138529,0.3723682370087902,0.8971093233269609,Background range
17,48.558942690000016,41.860684617439965,41.31313850797993,4217,2015-11-04,9.3053511220201,4.029046991538145,11,2,49.67853413,50.61848963000003,52.26939329000001,45.17999137200114,45.34218549951808,294,2015,"{""type"":""MultiPoint"",""coordinates"":[]}",1.0,True,9.4243281870027,1.0567645610239635,-0.07593832522416527,Background range
18,49.28493658055581,43.345241352436695,43.09419125410339,4477,2015-11-20,10.419361315896609,4.967619415896635,11,2,52.712026880000025,53.51355257,54.77651096000005,47.80207670201009,48.06181067000003,294,2015,"{""type"":""MultiPoint"",""coordinates"":[]}",1.0,True,9.4243281870027,1.0567645610239635,0.6350900432937645,Background range
19,42.28822551167549,37.66279696354496,37.21615911318851,4355,2015-12-06,7.384906306811516,3.6176785968115226,12,2,44.033674100000006,44.601065420000026,45.03857198,40.5118494861144,40.83383771000003,294,2015,"{""type"":""MultiPoint"",""coordinates"":[]}",1.0,True,9.623865966464932,1.1885115369380888,-1.2706293160330995,Background range
20,40.43279003000002,34.697868056116185,34.310668534837006,4295,2015-12-22,8.57113282516302,5.539918755163008,12,2,42.58956065000001,42.881801360000026,43.79953973000002,39.443639824756914,39.850587290000014,294,2015,"{""type"":""MultiPoint"",""coordinates"":[]}",1.0,True,9.623865966464932,1.1885115369380888,-0.5974353247190201,Background range
2,30.095311198211963,26.50914279339348,26.21524286685716,3511,2016-02-08,6.43186727314286,3.878595934994245,2,2,32.27568530000002,32.64711014000002,33.52668061999998,29.46834864667772,30.0938388018514,236,2016,"{""type"":""MultiPoint"",""coordinates"":[]}",0.8027210884353742,True,8.426833472904178,1.6478439934050328,-0.8165738216678436,Background range
4,40.33805503402154,36.9367074440564,37.02673310000002,526,2016-03-11,7.635856679999996,4.098205980000024,3,2,44.27293550000002,44.66258978000002,44.87792504000004,41.60024939168041,41.12493908000005,26,2016,"{""type"":""MultiPoint"",""coordinates"":[]}",0.08843537414965986,False,9.255713324999997,1.57838768186848,-0.6922116481775099,Background range
6,50.44171396608113,43.19092509221994,43.19236988798168,4906,2016-04-12,9.988780237018332,5.858961000323241,4,2,52.26084824,53.181150125000016,53.899788830000034,48.10746818345431,49.051330888304925,294,2016,"{""type"":""MultiPoint"",""coordinates"":[]}",1.0,True,8.717302541336988,1.2942534602992204,0.6626213357153331,Background range
7,46.181045165000015,39.66006384938508,40.41284026688663,650,2016-04-28,8.70855660311338,5.32642581311336,4,2,48.45659198000001,49.12139687000001,49.83747205999998,45.917661372349166,45.73926607999999,121,2016,"{""type"":""MultiPoint"",""coordinates"":[]}",0.41156462585034015,False,8.717302541336988,1.2942534602992204,-0.004557881972680357,Background range
8,42.18161406986209,34.78224086432168,34.43981969430931,4906,2016-05-14,8.345137765690708,5.398322028115146,5,2,42.27492291421054,42.784957460000015,43.37741426000002,38.69056478721787,39.83814172242445,294,2016,"{""type"":""MultiPoint"",""coordinates"":[]}",1.0,True,9.526327090928367,2.659472256821113,-0.29957119613554406,Background range
10,41.97530294131794,38.88880479146827,39.15786857000003,273,2016-06-15,6.83774901000001,4.977491624999985,6,2,45.83098295000003,45.99561758000005,46.258805120000034,43.54353434161069,44.13536019500002,105,2016,"{""type"":""MultiPoint"",""coordinates"":[]}",0.35714285714285715,False,8.137254954762348,1.2319792138873433,-0.711460665688837,Background range
12,46.701682854285714,40.887723528237125,40.43423745683675,3684,2016-07-17,9.461340943163286,5.917423873163266,7,2,49.29187061750002,49.89557840000003,50.68514102000003,45.50585347799449,46.35166133000001,294,2016,"{""type"":""MultiPoint"",""coordinates"":[]}",1.0,True,11.092590819812855,2.7734145697791455,-0.39671781499478,Background range
16,37.572334542500016,29.597627506860523,29.310259699744638,3755,2016-09-19,7.961716335255375,4.040392890255383,9,2,36.71797196000002,37.27197603500001,37.92567235999999,33.552980192957364,33.35065259000002,279,2016,"{""type"":""MultiPoint"",""coordinates"":[]}",0.9489795918367347,True,9.749304795460446,2.350647697042737,-0.5129275219217997,Background range
18,34.163571680000025,27.20330285175803,26.65386516718419,3340,2016-10-21,6.319096212815854,3.5829712028158305,10,2,32.586725120000025,32.972961380000044,33.49762745000004,29.777454651600756,30.23683637000002,267,2016,"{""type"":""MultiPoint"",""coordinates"":[]}",0.9081632653061225,True,9.02100873857114,3.5487631469695557,-0.513535267376818,Background range
20,41.46943951684212,33.313852834116226,33.30455362634331,1727,2016-11-22,4.993682913656713,1.5329376636567176,11,2,38.035049000000015,38.298236540000026,38.838283700000034,34.456009223607104,34.83749129000003,169,2016,"{""type"":""MultiPoint"",""coordinates"":[]}",0.5748299319727891,True,9.4243281870027,1.0567645610239635,-2.8279045357982584,Background range
22,38.038467020000006,33.1548325208941,33.21839642287905,3961,2016-12-24,6.312036327120978,3.256326447120969,12,2,39.16157142500002,39.53043275000003,40.085861,35.80896872578368,36.47472287000002,294,2016,"{""type"":""MultiPoint"",""coordinates"":[]}",1.0,True,9.623865966464932,1.1885115369380888,-1.8794924737988161,Background range
0,31.53055694000001,27.27030001147425,27.16856561814816,1148,2017-01-25,3.763837821851872,3.6202809818518986,1,2,30.93240344000003,30.93240344000003,30.93240344000003,29.658621320000027,30.788846600000056,3,2017,"{""type"":""MultiPoint"",""coordinates"":[]}",0.01020408163265306,False,9.282853171546076,1.3636745011020182,-2.7297752152511237,Background range
1,41.03186821002696,36.71057970059404,36.84209428884617,4177,2017-02-10,5.386437998653847,2.755860328209927,2,2,41.85326217500002,42.228532287500016,42.62886788000003,39.35548270773389,39.5979546170561,294,2017,"{""type"":""MultiPoint"",""coordinates"":[]}",1.0,True,8.426833472904178,1.6478439934050328,-1.2444859226623715,Background range
2,38.775620000000025,34.9579311163477,34.72127861000002,508,2017-02-26,4.739084729999995,4.739084729999995,2,2,39.460363340000015,39.460363340000015,39.460363340000015,39.42238534000001,39.460363340000015,2,2017,"{""type"":""MultiPoint"",""coordinates"":[]}",0.006802721088435374,False,8.426833472904178,1.6478439934050328,-1.5094586989515588,Background range
4,47.6890840282162,42.67140054159187,42.815823468489306,4305,2017-03-30,6.844338804010697,3.033673756510716,3,2,49.10145842000003,49.6601622725,50.85262399999999,45.84749627537169,45.84949722500002,287,2017,"{""type"":""MultiPoint"",""coordinates"":[]}",0.9761904761904762,True,9.255713324999997,1.57838768186848,-1.0304501553884458,Background range
5,44.068708805,37.43672094219812,36.82549717250001,1154,2017-04-15,8.722359787499983,7.037275927500019,4,2,45.06249811999999,45.54785695999999,45.8281346,43.87557785015321,43.86277310000003,61,2017,"{""type"":""MultiPoint"",""coordinates"":[]}",0.20748299319727892,False,8.717302541336988,1.2942534602992204,0.0026355469851707504,Background range
6,46.43545435718904,41.477840719672976,41.179162763565365,2668,2017-05-01,6.348582281434666,3.593942996434656,5,2,47.343741635000015,47.52774504500003,47.80033214,44.37981086605327,44.77310576000002,211,2017,"{""type"":""MultiPoint"",""coordinates"":[]}",0.717687074829932,True,9.526327090928367,2.659472256821113,-0.8059341489578795,Background range
7,50.68645564307695,42.31333484320621,41.44106828176557,3595,2017-06-02,9.532895428234449,4.853284246234445,6,2,49.88276082500002,50.97396371000002,52.39927805000002,46.09113930109109,46.29435252800002,294,2017,"{""type"":""MultiPoint"",""coordinates"":[]}",1.0,True,8.137254954762348,1.2319792138873433,0.7640929264854889,Background range
14,45.32184979144353,38.09617267565934,37.55523613827264,4906,2017-09-22,7.658936619227369,2.852373128670329,9,2,44.462635610000014,45.21417275750001,46.06226897000002,40.43399594796251,40.40760926694297,294,2017,"{""type"":""MultiPoint"",""coordinates"":[]}",1.0,True,9.749304795460446,2.350647697042737,-0.5998066067267076,Background range
18,40.09466240150002,34.036729155660325,33.65687808322748,4906,2017-11-25,7.811572006772522,4.071403621772532,11,2,40.95574708999999,41.468450090000005,42.40498757000003,37.36804384999498,37.728281705000015,294,2017,"{""type"":""MultiPoint"",""coordinates"":[]}",1.0,True,9.4243281870027,1.0567645610239635,-1.0293580812361842,Background range
19,43.72219940748447,38.15721796861493,37.9765120035351,4876,2017-12-11,9.623865966464932,5.000804552475998,12,2,47.02956863000002,47.60037797000003,48.224166620000034,42.50333098572104,42.9773165560111,294,2017,"{""type"":""MultiPoint"",""coordinates"":[]}",1.0,True,9.623865966464932,1.1885115369380888,0.0,Background range
0,31.838657262800027,27.392837380796927,27.220372938660876,3670,2018-01-12,3.679559311339148,1.2534487153391431,1,2,30.520532030000027,30.89993225000002,31.841596760000016,28.450370952170807,28.473821654000016,294,2018,"{""type"":""MultiPoint"",""coordinates"":[]}",1.0,True,9.282853171546076,1.3636745011020182,-2.7714604389004225,Background range
1,28.96673373433213,25.42074647439216,25.59069088594301,2230,2018-01-28,6.888366604056991,3.5540880940570005,1,2,32.229854706015054,32.47905749,32.80206038000006,29.315453168676164,29.14477898000001,210,2018,"{""type"":""MultiPoint"",""coordinates"":[]}",0.7142857142857143,True,9.282853171546076,1.3636745011020182,-1.1843435234412982,Background range
2,37.962027663636384,33.78977153360784,33.7224180644209,3706,2018-02-13,5.637113685579131,2.4935606915791126,2,2,39.10352205200003,39.35953175000003,39.92521406000003,36.012634485470315,36.21597875600001,253,2018,"{""type"":""MultiPoint"",""coordinates"":[]}",0.8605442176870748,True,8.426833472904178,1.6478439934050328,-1.141880072149074,Background range
3,41.966284703000014,36.86874488274955,36.85104687200002,1979,2018-03-01,9.37528705800002,3.8613371940000007,3,2,45.61450835000002,46.22633393000004,46.79543426000001,41.16767761278504,40.71238406600002,242,2018,"{""type"":""MultiPoint"",""coordinates"":[]}",0.8231292517006803,True,9.255713324999997,1.57838768186848,0.05109731842886812,Background range
4,42.713339432524286,37.76679677569679,37.39586486747115,736,2018-03-17,11.012874832528864,8.512023532528879,3,2,48.21846992000004,48.40873970000001,48.80181200000004,45.08265547499684,45.907888400000026,110,2018,"{""type"":""MultiPoint"",""coordinates"":[]}",0.3741496598639456,False,9.255713324999997,1.57838768186848,0.7508859916678827,Background range
6,41.68867322037008,36.09140721603858,35.693592475746776,3802,2018-04-18,9.504771939253253,4.705871859253257,4,2,44.52586898000003,45.19836441500003,46.3750178,40.30141563559568,40.39946433500003,294,2018,"{""type"":""MultiPoint"",""coordinates"":[]}",1.0,True,8.717302541336988,1.2942534602992204,0.4103839383534068,Background range
7,49.42375895288821,41.21187976343802,40.440136443072966,3072,2018-05-04,12.36759499692706,5.4067972669270645,5,2,51.69174791000003,52.807731440000026,53.94422309000004,45.922152434787655,45.84693371000003,294,2018,"{""type"":""MultiPoint"",""coordinates"":[]}",1.0,True,9.526327090928367,2.659472256821113,0.7205974579649241,Background range
8,42.448396424000016,36.014580185285794,36.32310737278531,2328,2018-05-20,4.126772757214717,0.6506967809671593,5,2,40.2225818,40.449880130000025,40.72161272000005,36.081636224752415,36.97380415375247,85,2018,"{""type"":""MultiPoint"",""coordinates"":[]}",0.2891156462585034,False,9.526327090928367,2.659472256821113,-1.3694256422644209,Background range
9,55.30003351496648,47.20695753275173,46.69533147477488,4482,2018-06-05,8.255498505225106,2.638837140225135,6,2,54.145886270000034,54.95082997999998,56.49577502,49.043495129955616,49.33416861500001,149,2018,"{""type"":""MultiPoint"",""coordinates"":[]}",0.5068027210884354,True,8.137254954762348,1.2319792138873433,0.06473662968970154,Background range
16,52.69362361558948,44.16889032992884,43.56344103949116,4906,2018-09-25,12.410231425508847,6.0492962055088455,9,2,55.065333650000014,55.97367246500001,56.89739236999998,49.39157284167002,49.612737245000005,294,2018,"{""type"":""MultiPoint"",""coordinates"":[]}",1.0,True,9.749304795460446,2.350647697042737,0.7635216565505658,Background range
17,43.0676780091892,36.5686014439877,35.81555427044687,3457,2018-10-11,3.6858253095531808,0.5748574395531563,10,2,38.78587406000005,39.50137958000005,40.32854042000002,36.36380056153928,36.39041171000002,253,2018,"{""type"":""MultiPoint"",""coordinates"":[]}",0.8605442176870748,True,9.02100873857114,3.5487631469695557,-1.014024259708122,Background range
18,45.57144129800002,38.85645865545002,38.183987518362905,2567,2018-10-27,5.634351321637119,2.1690487116371173,10,2,43.541479220000014,43.81833884000002,44.66771681000003,40.29977977992457,40.35303623000002,184,2018,"{""type"":""MultiPoint"",""coordinates"":[]}",0.6258503401360545,True,9.02100873857114,3.5487631469695557,-0.643680358094766,Background range
19,38.56123419000002,33.414960490216984,33.6838636203388,2211,2018-11-12,10.354937509661228,4.771824852950168,11,2,43.54090955000001,44.03880113000002,44.62157354000004,38.1134387441232,38.455688473288966,259,2018,"{""type"":""MultiPoint"",""coordinates"":[]}",0.8809523809523809,True,9.4243281870027,1.0567645610239635,0.5939708918775113,Background range
21,29.589715471455456,25.2653816896905,24.89955773122381,4623,2018-12-14,7.0744873037762055,3.999666286890765,12,2,31.726808255000023,31.974045035000017,32.53032779,28.62673625984065,28.899224018114577,294,2018,"{""type"":""MultiPoint"",""coordinates"":[]}",1.0,True,9.623865966464932,1.1885115369380888,-1.446794832821146,Background range
22,32.81410422296932,26.174713142520545,26.449295212797846,2777,2018-12-30,3.2169759614878863,2.0039043872021765,12,2,29.349860180000007,29.666271174285733,29.903579420000028,28.054248564379957,28.453199600000023,294,2018,"{""type"":""MultiPoint"",""coordinates"":[]}",1.0,True,9.623865966464932,1.1885115369380888,-3.6359664765837953,Background range
2,43.79819364763869,39.14243723724319,39.189459824130765,3428,2019-02-16,9.031288775869273,5.086903063974184,2,2,47.96439710000001,48.22074860000004,48.704398430000026,44.1792885745971,44.27636288810495,253,2019,"{""type"":""MultiPoint"",""coordinates"":[]}",0.8605442176870748,True,8.426833472904178,1.6478439934050328,0.2474139044704891,Background range
3,45.46468514000002,40.66707831906085,40.71580208600002,1011,2019-03-04,4.630391694000004,4.3056797939999925,3,2,45.34619378000002,45.34619378000002,45.34619378000002,44.97946750025643,45.02148188000001,4,2019,"{""type"":""MultiPoint"",""coordinates"":[]}",0.013605442176870748,False,9.255713324999997,1.57838768186848,-1.9765338614551244,Background range
5,46.552754840000034,41.23024764851181,40.98309125000003,110,2019-04-05,7.271837549999986,2.1482255700000223,4,2,47.65164827000001,48.254928800000016,48.52153436000003,42.815020083165976,43.13131682000005,58,2019,"{""type"":""MultiPoint"",""coordinates"":[]}",0.19727891156462585,False,8.717302541336988,1.2942534602992204,-0.7532935469829255,Background range
6,48.932003678445255,44.15194179976048,44.43728814482601,4904,2019-04-21,8.712245295173993,5.718488375473697,4,2,52.911126545000016,53.149533440000006,53.57336792000004,49.2637165155972,50.15577652029971,294,2019,"{""type"":""MultiPoint"",""coordinates"":[]}",1.0,True,8.717302541336988,1.2942534602992204,-0.0026355469851707504,Background range
7,33.81870770375003,27.302760858892945,27.94265320319668,2929,2019-05-07,8.71151571680334,4.47215510640644,5,2,36.27135068000001,36.65416892000002,37.21130618000001,32.0556450985067,32.41480830960312,224,2019,"{""type"":""MultiPoint"",""coordinates"":[]}",0.7619047619047619,True,9.526327090928367,2.659472256821113,-0.20665105310054177,Background range
16,51.951037648915296,43.69152623565221,43.44067521453956,4817,2019-09-28,9.749304795460446,4.529703420460471,9,2,52.80089540000003,53.189980010000006,53.84851853000004,46.63941642889458,47.97037863500003,175,2019,"{""type"":""MultiPoint"",""coordinates"":[]}",0.5952380952380952,True,9.749304795460446,2.350647697042737,0.0,Background range
17,31.21989892010639,24.357631752012065,23.39988092182976,4891,2019-10-14,5.06983910817026,2.3861237381702622,10,2,28.100573870000005,28.46972003000002,28.990968080000016,25.469623366425196,25.78600466000002,294,2019,"{""type"":""MultiPoint"",""coordinates"":[]}",1.0,True,9.02100873857114,3.5487631469695557,-0.7509735912090192,Background range
18,44.89772346965877,39.05448044840738,38.78772510834224,4891,2019-10-30,8.573391461657785,4.920097751657785,10,2,46.97601965000002,47.36111657000002,48.03959354,42.93094983726499,43.70782286000002,294,2019,"{""type"":""MultiPoint"",""coordinates"":[]}",1.0,True,9.02100873857114,3.5487631469695557,-0.08507575866762253,Background range
19,37.8991050227273,32.969313544996446,32.91224161188801,2906,2019-11-15,7.294617296112015,4.16884068341227,11,2,39.917238680000025,40.20685890800002,40.62932618000002,36.2752854732565,37.08108229530028,272,2019,"{""type"":""MultiPoint"",""coordinates"":[]}",0.9251700680272109,True,9.4243281870027,1.0567645610239635,-1.3593096979620052,Background range
20,46.9367772659229,41.333018644220246,41.311069650629726,4890,2019-12-01,9.579722239370284,6.2216240112384185,12,2,50.40229986500002,50.89079189000001,51.22689719000002,46.51589841839082,47.532693661868144,294,2019,"{""type"":""MultiPoint"",""coordinates"":[]}",1.0,True,9.623865966464932,1.1885115369380888,-0.025051953715908643,Background range
21,44.0626946585444,38.92960558251048,39.055812137329845,4611,2019-12-17,9.619533122670177,5.633142286753518,12,2,48.30064481750002,48.67534526000002,49.00347518000001,43.80554833065199,44.68895442408336,294,2019,"{""type"":""MultiPoint"",""coordinates"":[]}",1.0,True,9.623865966464932,1.1885115369380888,-0.002458926994807801,Background range
3,41.02811933283969,37.07657822809431,37.27901244972394,4130,2020-02-19,6.24623117527608,3.888626706642704,2,2,43.410170285000014,43.52524362500002,43.659400910000016,40.56363361056575,41.16763915636665,280,2020,"{""type"":""MultiPoint"",""coordinates"":[]}",0.9523809523809523,True,8.426833472904178,1.6478439934050328,-0.8925578548272619,Background range
5,46.44918652055293,41.76992887555748,42.06131260941928,4745,2020-03-22,7.653680400580747,4.907586165580753,3,2,49.35638574500003,49.71499301000002,49.93830365000002,46.17508537062422,46.96889877500003,294,2020,"{""type"":""MultiPoint"",""coordinates"":[]}",1.0,True,9.255713324999997,1.57838768186848,-0.6845950562785047,Background range
7,51.54524018841377,46.91423916925431,47.5627843637503,4901,2020-04-23,9.760151496249698,6.338649149321931,4,2,57.15331661750001,57.32293586,57.85785599000002,53.07261578519186,53.90143351307224,294,2020,"{""type"":""MultiPoint"",""coordinates"":[]}",1.0,True,8.717302541336988,1.2942534602992204,0.5434731335049543,Background range
13,47.63740652000001,35.009102610037026,35.38411563865112,4777,2020-07-28,12.840050981348888,7.6275704813489185,7,2,47.72912339000001,48.224166620000005,48.63774704000002,42.630066775663146,43.01168612000004,294,2020,"{""type"":""MultiPoint"",""coordinates"":[]}",1.0,True,11.092590819812855,2.7734145697791455,0.4249800027564546,Background range
15,43.80244504700001,35.94496866456899,34.318390041242935,2661,2020-08-29,10.028032888757082,6.077269050650024,8,2,43.71636791000001,44.34642293000002,45.045408020000025,40.15588231905997,40.39565909189296,291,2020,"{""type"":""MultiPoint"",""coordinates"":[]}",0.9897959183673469,True,9.778566383138529,0.3723682370087902,0.4518721956262296,Background range
17,49.676141516000015,41.52631941791429,41.43923522749684,3108,2020-09-30,12.099952492503183,7.767042472503171,9,2,52.925994932000016,53.53918772000002,54.37660262,48.08149368370191,49.20627770000001,177,2020,"{""type"":""MultiPoint"",""coordinates"":[]}",0.6020408163265306,True,9.749304795460446,2.350647697042737,0.6744907594765952,Background range
19,46.056374292184486,40.33942041449917,40.181180828283054,3346,2020-11-17,11.902784876716971,7.832777561716945,11,2,51.85923089000003,52.083965705000026,52.76329718,47.28732353634288,48.01395839,257,2020,"{""type"":""MultiPoint"",""coordinates"":[]}",0.8741496598639455,True,9.4243281870027,1.0567645610239635,1.581900261071793,Background range
20,38.18404809495031,33.16750982247845,33.185258184313966,3147,2020-12-03,10.79372759568605,4.775448880686056,12,2,43.42013951000001,43.978985780000016,44.77025741000003,37.95522701545983,37.96070706500002,294,2020,"{""type"":""MultiPoint"",""coordinates"":[]}",1.0,True,9.623865966464932,1.1885115369380888,0.6639067726752599,Background range
21,42.96922379461541,37.83387566171612,37.46761677659699,4906,2020-12-19,10.81237750340302,7.760655313403028,12,2,47.97089133800003,48.27999428000001,49.05474548000004,44.4917948918668,45.22827209000002,294,2020,"{""type"":""MultiPoint"",""coordinates"":[]}",1.0,True,9.623865966464932,1.1885115369380888,0.6744907594765952,Background range
1,39.033279382788166,34.41202336009825,34.403204792983765,4789,2021-01-20,10.30997168301625,6.554388393379895,1,2,44.340156560000025,44.713176476000015,45.03344495000002,40.647291890766944,40.95759318636366,294,2021,"{""type"":""MultiPoint"",""coordinates"":[]}",1.0,True,9.282853171546076,1.3636745011020182,0.508025884706456,Background range
2,41.717960377898855,37.4460137744346,37.59580917004303,4762,2021-02-05,9.125069528706987,5.6209782166106095,2,2,46.57668098000004,46.72087869875001,47.23123181000005,43.43296771801091,43.21678738665364,283,2021,"{""type"":""MultiPoint"",""coordinates"":[]}",0.9625850340136054,True,8.426833472904178,1.6478439934050328,0.28579997224083137,Background range
3,42.29236016186835,37.36642802946277,37.40151320194653,4759,2021-02-21,10.139476670553506,6.1262939380535215,2,2,47.011624025000025,47.54098987250004,48.30278107999999,43.63036393059315,43.52780714000005,285,2021,"{""type"":""MultiPoint"",""coordinates"":[]}",0.9693877551020408,True,8.426833472904178,1.6478439934050328,0.7010141832103557,Background range
4,44.790765530000016,39.989958489614295,40.90328048300002,1354,2021-03-09,11.940340167000002,9.582261968459626,3,2,52.543689395000015,52.84362065000002,53.532351680000005,49.08791582300828,50.48554245145965,165,2021,"{""type"":""MultiPoint"",""coordinates"":[]}",0.5612244897959183,True,9.255713324999997,1.57838768186848,1.1472187843155754,Background range
5,39.8248397409226,35.15466708695054,35.560947116735534,3544,2021-03-25,8.445382823264467,4.968829230764484,3,2,43.55173328000002,44.00632994,44.52415997000003,40.60464735834078,40.52977634750002,294,2021,"{""type"":""MultiPoint"",""coordinates"":[]}",1.0,True,9.255713324999997,1.57838768186848,-0.34627768692140015,Background range
6,50.18645190200002,43.41726631823894,43.67606269600312,2793,2021-04-10,5.981108808996908,3.412039526496905,4,2,49.22051945000004,49.65717150500002,50.11091366000005,46.69134562763077,47.08810222250002,227,2021,"{""type"":""MultiPoint"",""coordinates"":[]}",0.7721088435374149,True,8.717302541336988,1.2942534602992204,-1.4259474246833284,Background range
7,34.78451198000005,29.8329847096897,29.24048354000001,202,2021-04-26,1.5859612799999925,1.5859612799999925,4,2,30.82644482000001,30.82644482000001,30.82644482000001,30.51824595168832,30.82644482000001,2,2021,"{""type"":""MultiPoint"",""coordinates"":[]}",0.006802721088435374,False,8.717302541336988,1.2942534602992204,-3.716446531527089,Background range
23,40.47426638807695,33.53297755801555,32.650145074952555,925,2021-11-20,9.014841165047464,6.977701245047449,11,2,41.66498624000002,41.66498624000002,41.66498624000002,40.52658452000001,39.62784632,2,2021,"{""type"":""MultiPoint"",""coordinates"":[]}",0.006802721088435374,False,9.4243281870027,1.0567645610239635,-0.26135926829981326,Background range
24,33.90582624080219,30.14056910357635,30.21992973618193,4546,2021-12-06,9.322038831318093,6.437657203818095,12,2,39.214265900000015,39.54196856750002,39.67911662,36.39704216851516,36.65758694000002,294,2021,"{""type"":""MultiPoint"",""coordinates"":[]}",1.0,True,9.623865966464932,1.1885115369380888,-0.17128955612859234,Background range
25,40.52724410927144,35.21921014377259,34.97000806821886,4741,2021-12-14,10.994847331781166,7.94541185400459,12,2,45.64424512400002,45.964855400000026,46.40748899000002,42.40085949447532,42.91541992222345,294,2021,"{""type"":""MultiPoint"",""coordinates"":[]}",1.0,True,9.623865966464932,1.1885115369380888,0.7780439933319522,Background range
26,41.90036230691347,36.60611232345664,36.40899194525272,4513,2021-12-22,11.9377961422473,8.483514774254267,12,2,48.08872757750001,48.346788087500016,48.90435260000004,44.44866978540371,44.89250671950698,294,2021,"{""type"":""MultiPoint"",""coordinates"":[]}",1.0,True,9.623865966464932,1.1885115369380888,1.3131757438889395,Background range
0,45.05813575323155,39.24797217258328,39.1901911504348,4519,2022-01-07,12.408415714565225,8.542908955186931,1,2,51.01953731000001,51.59860686500002,51.97544357000001,47.25562660426685,47.73310010562173,294,2022,"{""type"":""MultiPoint"",""coordinates"":[]}",1.0,True,9.282853171546076,1.3636745011020182,1.5459430030618937,Background range
1,42.84054875747509,38.08119514654277,38.03143296289344,4743,2022-01-15,11.30481087853515,7.688922905118048,1,2,49.15842542000002,49.33624384142859,50.18269208000004,45.55840450547086,45.72035586801149,294,2022,"{""type"":""MultiPoint"",""coordinates"":[]}",1.0,True,9.282853171546076,1.3636745011020182,1.0000860090252495,Background range
3,45.22877771426038,40.444797658783735,40.347350715391,1869,2022-01-31,11.052156484609014,7.365474752919781,1,2,50.969406350000014,51.399507200000016,52.038676940000045,47.63578439179497,47.71282546831078,272,2022,"{""type"":""MultiPoint"",""coordinates"":[]}",0.9251700680272109,True,9.282853171546076,1.3636745011020182,0.8751199310450398,Background range
4,45.58468840623223,40.55360460497641,40.59151928132051,4564,2022-02-08,11.833393918679484,8.20290562005735,2,2,52.014750800000016,52.42491319999999,52.903436,48.57540472464301,48.79442490137786,294,2022,"{""type"":""MultiPoint"",""coordinates"":[]}",1.0,True,8.426833472904178,1.6478439934050328,1.3943635146711073,Background range
5,42.14929055274791,36.33821829630786,35.84779949018934,4633,2022-02-24,10.069203629810673,7.039574909737503,2,2,45.42224472500001,45.91700312000001,46.58180801000003,42.64905862316379,42.88737439992684,294,2022,"{""type"":""MultiPoint"",""coordinates"":[]}",1.0,True,8.426833472904178,1.6478439934050328,0.6722502244793952,Background range
6,44.90469360365411,40.683459435942176,40.59427585427783,2565,2022-03-04,11.189188925722185,8.241716345722196,3,2,51.46387991000001,51.78346478000001,52.32579061999999,48.54260598181004,48.83599220000002,280,2022,"{""type"":""MultiPoint"",""coordinates"":[]}",0.9523809523809523,True,9.255713324999997,1.57838768186848,0.8262301089531947,Background range
7,45.70296050046751,41.1476336778754,40.93027856100992,2671,2022-03-12,10.287219073990094,7.168703076490111,3,2,51.02267049500002,51.21749763500001,51.68149385000001,47.96084003349149,48.098981637500025,273,2022,"{""type"":""MultiPoint"",""coordinates"":[]}",0.9285714285714286,True,9.255713324999997,1.57838768186848,0.44079227431450396,Background range
11,47.05863368876524,42.485384569505214,42.44046198421553,3003,2022-04-13,9.343002795784493,6.155585211784491,4,2,51.46145881250001,51.78346478000002,52.49840062999999,48.33642787028624,48.59604719600002,294,2022,"{""type"":""MultiPoint"",""coordinates"":[]}",1.0,True,8.717302541336988,1.2942534602992204,0.326079128063082,Background range
16,39.155436517307706,35.394365085837975,35.538322313649864,1108,2022-05-23,3.508364129979199,1.972630286350153,5,2,38.89639004000003,39.04668644362906,39.13565144000006,37.34845502232075,37.51095260000002,93,2022,"{""type"":""MultiPoint"",""coordinates"":[]}",0.3163265306122449,False,9.526327090928367,2.659472256821113,-1.5262653699890254,Background range
17,41.30182161500002,33.67335096786432,34.566442304000006,857,2022-05-31,19.22567889599999,7.132724135999993,5,2,51.88486604000002,53.7921212,55.42251673999999,42.503455872312486,41.69916644,162,2022,"{""type"":""MultiPoint"",""coordinates"":[]}",0.5510204081632653,True,9.526327090928367,2.659472256821113,2.4599328489530072,Elevated anomaly
19,31.694621900000016,26.35360166388973,25.09328594000002,326,2022-06-16,6.48683229000002,4.131816510000018,6,2,31.18533692000005,31.58011823000004,31.96464548000006,29.186809275958144,29.22510245000004,137,2022,"{""type"":""MultiPoint"",""coordinates"":[]}",0.46598639455782315,False,8.137254954762348,1.2319792138873433,-0.9035824826138041,Background range
20,49.93034791379313,42.58792523934769,42.55803302532141,4906,2022-06-24,10.908236934678598,4.012155525154824,6,2,52.56505202,53.46626996000001,54.73549472000002,46.50729465056665,46.57018855047624,294,2022,"{""type"":""MultiPoint"",""coordinates"":[]}",1.0,True,8.137254954762348,1.2319792138873433,1.5170724627993435,Background range
21,35.134859030000015,31.71570457939304,31.40238119000003,519,2022-07-02,6.783060689999957,3.8145103199999824,7,2,37.70896989200003,38.18544187999999,38.86904588000005,35.18216202251964,35.21689151000001,240,2022,"{""type"":""MultiPoint"",""coordinates"":[]}",0.8163265306122449,True,11.092590819812855,2.7734145697791455,-1.048072034350149,Background range
23,53.951702959388825,45.96566525404292,45.5612677935376,4839,2022-07-18,12.723840696462425,7.355583934962411,7,2,57.374206160000014,58.28510849000003,59.01827378000005,53.213527369072594,52.91685172850001,294,2022,"{""type"":""MultiPoint"",""coordinates"":[]}",1.0,True,11.092590819812855,2.7734145697791455,0.39671781499478,Background range
27,40.01912204588341,35.2787877960247,35.094412460000015,1677,2022-08-19,0.284835000000001,-0.4671293999999903,8,2,35.269870819999994,35.379247460000016,35.548439450000046,34.68590186762866,34.627283060000025,39,2022,"{""type"":""MultiPoint"",""coordinates"":[]}",0.1326530612244898,False,9.778566383138529,0.3723682370087902,-17.196509944882145,Background range
34,40.43644984601615,32.85135549564679,32.81843986451553,4356,2022-10-14,9.468626015484496,6.077095670484475,10,2,41.825063510000014,42.28706588000003,42.95016176000004,38.30518200867238,38.89553553500001,294,2022,"{""type"":""MultiPoint"",""coordinates"":[]}",1.0,True,9.02100873857114,3.5487631469695557,0.08507575866762253,Background range
35,38.83025135300002,33.10254030320074,33.154010178785754,2797,2022-10-22,11.761513081214268,8.81615763300529,10,2,44.35411347500002,44.91552326000002,45.77002826,41.3890447014262,41.97016781179104,294,2022,"{""type"":""MultiPoint"",""coordinates"":[]}",1.0,True,9.02100873857114,3.5487631469695557,0.5208701676798968,Background range
36,47.81881114616364,40.68027125316611,40.18450196464782,4780,2022-10-30,13.08978920535219,9.119758975352212,10,2,52.82994857000002,53.27429117000001,54.15955835,48.6873318326772,49.304260940000034,294,2022,"{""type"":""MultiPoint"",""coordinates"":[]}",1.0,True,9.02100873857114,3.5487631469695557,0.7733271321660931,Background range
39,43.81919224288696,35.153362978291696,34.81404326259329,4717,2022-11-23,9.31789891240672,5.136805947406714,11,2,43.51755308000003,44.131942175000006,44.87792504000004,39.86753053497688,39.95084921,294,2022,"{""type"":""MultiPoint"",""coordinates"":[]}",1.0,True,9.4243281870027,1.0567645610239635,-0.06792957002951375,Background range
42,44.2832481488061,38.60067374250871,38.4714293987473,4901,2022-12-17,10.194801141252723,7.560090588241131,12,2,48.468896852000015,48.66623054000002,48.92315171000001,45.82171595925522,46.03151998698843,294,2022,"{""type"":""MultiPoint"",""coordinates"":[]}",1.0,True,9.623865966464932,1.1885115369380888,0.32401073753698045,Background range
43,38.96868264191792,34.25223562944221,34.03068261553729,4468,2022-12-25,9.194629754462738,6.297857804462737,12,2,42.96554285000002,43.225312370000026,43.81492082,40.108852681846166,40.32854042000002,294,2022,"{""type"":""MultiPoint"",""coordinates"":[]}",1.0,True,9.623865966464932,1.1885115369380888,-0.24359532880436593,Background range
1,36.65232844769234,31.48198988290581,31.65569385547904,4905,2023-01-10,9.182473346520986,6.818570714520966,1,2,40.61052707000001,40.83816720200002,41.02923451999999,37.99296612196033,38.47426457,294,2023,"{""type"":""MultiPoint"",""coordinates"":[]}",1.0,True,9.282853171546076,1.3636745011020182,-0.049649138678318466,Background range
2,42.65423456896401,37.91282032807154,37.842069580681,4558,2023-01-18,9.460940649319014,6.674796759363403,1,2,46.83246281000002,47.30301023000001,48.03959354,44.4021250005378,44.5168663400444,294,2023,"{""type"":""MultiPoint"",""coordinates"":[]}",1.0,True,9.282853171546076,1.3636745011020182,0.08808433247029934,Background range
3,46.93636878913792,40.97292851202042,40.93270429242336,4899,2023-01-26,12.962812012576656,9.27222281296931,1,2,53.46114293000002,53.895516305000015,54.49281530000002,49.714151491503216,50.20492710539267,294,2023,"{""type"":""MultiPoint"",""coordinates"":[]}",1.0,True,9.282853171546076,1.3636745011020182,1.8201544661306517,Background range
5,41.588157715430654,36.95372314871554,37.09075333305682,3743,2023-02-11,8.213996954443203,5.705597526943201,2,2,45.15136664000002,45.30475028750002,45.84180667999999,42.62634925484108,42.79635086000002,211,2023,"{""type"":""MultiPoint"",""coordinates"":[]}",0.717687074829932,True,8.426833472904178,1.6478439934050328,-0.08711763101096659,Background range
6,46.43764294778878,40.574807400996605,40.43738450474959,4906,2023-02-19,12.448106890250456,8.88909356525042,2,2,52.651357025,52.885491395000045,53.127316310000026,49.09388832082226,49.32647807000001,294,2023,"{""type"":""MultiPoint"",""coordinates"":[]}",1.0,True,8.426833472904178,1.6478439934050328,1.6459760585250134,Background range
7,37.716510070832,33.2470946103028,33.15221708770867,4239,2023-02-27,8.184639232291339,5.467618512648485,2,2,40.82757134,41.33685632000001,41.629097030000025,38.38970535785593,38.61983560035716,294,2023,"{""type"":""MultiPoint"",""coordinates"":[]}",1.0,True,8.426833472904178,1.6478439934050328,-0.099134249325542,Background range
8,45.1731132105144,39.53061079718777,39.44128655924601,4890,2023-03-07,12.544655215039723,9.21977530386107,3,2,51.73960019000001,51.985941774285735,52.24888517,48.41977999840339,48.66106186310708,294,2023,"{""type"":""MultiPoint"",""coordinates"":[]}",1.0,True,9.255713324999997,1.57838768186848,1.4054601025910247,Background range
9,44.34414425000002,39.05742158916137,39.09377240266869,3277,2023-03-15,9.862705002331346,7.689808145357205,3,2,48.76563795500002,48.95647740500003,49.26837173000001,46.398051252866765,46.78358054802589,294,2023,"{""type"":""MultiPoint"",""coordinates"":[]}",1.0,True,9.255713324999997,1.57838768186848,0.25938511947491766,Background range
11,45.19921892000002,43.27522761897548,43.17632075000001,121,2023-03-31,5.454590250000017,3.122646104999994,3,2,48.35405137999999,48.630911000000026,49.03765538000005,46.18825505093751,46.298966855,32,2023,"{""type"":""MultiPoint"",""coordinates"":[]}",0.10884353741496598,False,9.255713324999997,1.57838768186848,-1.6243299533899804,Background range
12,50.80471050505376,44.79625307818754,45.05730518857826,4896,2023-04-08,12.841225239421767,8.800328061421752,4,2,57.47674676000001,57.89853042800003,58.40303018000003,54.04535000526149,53.85763325000001,294,2023,"{""type"":""MultiPoint"",""coordinates"":[]}",1.0,True,8.717302541336988,1.2942534602992204,2.149152262657194,Elevated anomaly
15,55.17556479500002,49.36178687397447,49.44874335134927,2608,2023-05-02,8.509089723650725,7.028802228650747,5,2,57.71088113000002,57.957833075,58.26630938000005,55.96723369750391,56.47754558000002,176,2023,"{""type"":""MultiPoint"",""coordinates"":[]}",0.5986394557823129,True,9.526327090928367,2.659472256821113,-0.25798998378843424,Background range
17,52.0687460918603,46.14328529273948,46.442974807180654,4899,2023-05-18,10.899785568819368,6.8421400928193705,5,2,57.05120327000003,57.34276037600002,57.78778658000002,53.7619543606934,53.285114900000025,294,2023,"{""type"":""MultiPoint"",""coordinates"":[]}",1.0,True,9.526327090928367,2.659472256821113,0.34833416648218196,Background range
18,51.9374496286173,46.51908854024416,46.69365769535487,4791,2023-05-26,10.965953134645154,7.319883528437082,5,2,57.28021061000001,57.65961083000002,58.362013940000026,54.08844891414284,54.01354122379195,294,2023,"{""type"":""MultiPoint"",""coordinates"":[]}",1.0,True,9.526327090928367,2.659472256821113,0.3651154702209538,Background range
19,46.939204726250026,41.54065825655011,41.32397493805146,1917,2023-06-03,7.06682015694858,5.151019946948551,6,2,48.05326562000002,48.39079509500005,48.57622268000003,46.36010783542416,46.474994885000015,128,2023,"{""type"":""MultiPoint"",""coordinates"":[]}",0.43537414965986393,False,8.137254954762348,1.2319792138873433,-0.58604753360198,Background range
20,59.18208930932303,51.21424621643947,51.69884273884649,4570,2023-06-11,8.01901140429959,5.388149211153532,6,2,59.52243173000002,59.71785414314608,60.24705197000003,57.14709458170305,57.08699195000002,294,2023,"{""type"":""MultiPoint"",""coordinates"":[]}",1.0,True,8.137254954762348,1.2319792138873433,-0.06473662968970154,Background range
22,59.44689348800002,52.84607936658232,53.310145578264425,4906,2023-06-27,12.71165118173559,8.705162071735593,6,2,65.653505105,66.02179676000002,66.54475382000001,61.992744000189525,62.01530765000002,294,2023,"{""type"":""MultiPoint"",""coordinates"":[]}",1.0,True,8.137254954762348,1.2319792138873433,2.504415618785101,Elevated anomaly
24,55.56739299950147,48.42041665841987,48.434865886209415,4414,2023-07-13,7.293221841790597,5.229079563790613,7,2,55.48916813,55.72808772800001,56.23087846999999,53.37088129118375,53.66394545000003,294,2023,"{""type"":""MultiPoint"",""coordinates"":[]}",1.0,True,11.092590819812855,2.7734145697791455,-0.9240015161967359,Background range
28,51.93405279526049,44.16515061742071,44.44207533544323,4450,2023-08-14,9.879838964556775,4.780153124556804,8,2,53.15240039146939,54.3219143,55.40542664000003,48.94558302745828,49.22222846000003,223,2023,"{""type"":""MultiPoint"",""coordinates"":[]}",0.7585034013605442,True,9.778566383138529,0.3723682370087902,0.1834405128204747,Background range
36,34.923283592000004,27.804607756935187,26.817610010000024,1821,2023-10-25,13.128112169999994,9.218847708826535,10,2,39.39114843500002,39.94572218000002,40.64812529,35.812145304852415,36.03645771882656,153,2023,"{""type"":""MultiPoint"",""coordinates"":[]}",0.5204081632653061,True,9.02100873857114,3.5487631469695557,0.7806109334400003,Background range
38,41.922830584572814,36.48712527811447,36.67998482284424,4021,2023-11-10,10.418513877155776,7.961120260012919,11,2,46.63478731999999,47.098498700000015,47.714881640000016,44.124593779228064,44.64110508285716,294,2023,"{""type"":""MultiPoint"",""coordinates"":[]}",1.0,True,9.4243281870027,1.0567645610239635,0.6345491568740306,Background range
40,49.82126890063908,41.46847472092018,40.81794822337888,4906,2023-11-26,11.841099346621109,8.773426396621133,11,2,52.22780738000003,52.659047569999984,53.63831030000003,49.11738882137815,49.59137462000001,294,2023,"{""type"":""MultiPoint"",""coordinates"":[]}",1.0,True,9.4243281870027,1.0567645610239635,1.5425288423304604,Background range
41,35.42474985125001,28.177940658268657,27.94132343943836,3597,2023-12-04,10.834410494561666,8.28314936269976,12,2,38.58432481400003,38.77573393400002,39.162995600000016,35.96615595250076,36.22447280213812,294,2023,"{""type"":""MultiPoint"",""coordinates"":[]}",1.0,True,9.623865966464932,1.1885115369380888,0.686994675911788,Background range
42,44.7718996661248,39.52216580515455,39.40242389997326,4391,2023-12-12,12.299578070026769,8.606407460026759,12,2,51.38839863500003,51.702001970000026,52.29844646000001,47.69133960163649,48.008831360000016,294,2023,"{""type"":""MultiPoint"",""coordinates"":[]}",1.0,True,9.623865966464932,1.1885115369380888,1.5184901726083568,Background range
43,43.967804499533145,38.827909746353136,38.90696804917364,4484,2023-12-20,11.679904895826382,8.247927980826368,12,2,50.2224265625,50.58687294500002,51.28500352999998,46.94167506945976,47.15489603,294,2023,"{""type"":""MultiPoint"",""coordinates"":[]}",1.0,True,9.623865966464932,1.1885115369380888,1.1668201913724376,Background range
44,41.71732408339574,36.61611112008414,36.652997323943886,4443,2023-12-28,11.19176907605612,8.118627294056125,12,2,47.58585138500001,47.844766400000005,48.22074860000004,44.5337643247898,44.77162461800001,294,2023,"{""type"":""MultiPoint"",""coordinates"":[]}",1.0,True,9.623865966464932,1.1885115369380888,0.8897988166764971,Background range
0,37.9093590827273,33.87437953769997,34.09549637807496,2691,2024-01-05,8.229167721925059,6.005745711925066,1,2,42.10146739400002,42.32466410000002,42.71090036000004,39.93130296997078,40.10124209000003,262,2024,"{""type"":""MultiPoint"",""coordinates"":[]}",0.891156462585034,True,9.282853171546076,1.3636745011020182,-0.5211662303504122,Background range
1,44.290880105000014,40.18322953099523,39.97440180109567,401,2024-01-13,5.330775738904379,4.079780418904363,1,2,45.22314505999998,45.305177540000045,45.36670190000001,43.84668500620797,44.05418222000003,48,2024,"{""type"":""MultiPoint"",""coordinates"":[]}",0.16326530612244897,False,9.282853171546076,1.3636745011020182,-1.9547477839459808,Background range
2,42.78011526500003,38.41600701939158,38.40271842138728,4282,2024-01-21,10.148723613612743,7.075923633612746,1,2,48.03674519,48.55144203500002,49.07183558,45.43700724371116,45.47864205500002,294,2024,"{""type"":""MultiPoint"",""coordinates"":[]}",1.0,True,9.282853171546076,1.3636745011020182,0.42827053787829833,Background range
3,39.96933441105222,35.97740772897419,36.22151690959074,4560,2024-01-29,8.0744902254093,5.131804932457463,1,2,43.62180269000001,44.29600713500004,44.65404473000001,41.52051440216653,41.3533218420482,294,2024,"{""type"":""MultiPoint"",""coordinates"":[]}",1.0,True,9.282853171546076,1.3636745011020182,-0.5976716882251049,Background range
4,44.71964186058443,39.97420966341181,40.0928634138212,2730,2024-02-06,8.639669991365153,4.492820916178815,2,2,47.84761475000003,48.73253340518635,49.32647807000001,44.7935782504629,44.585684330000014,150,2024,"{""type"":""MultiPoint"",""coordinates"":[]}",0.5102040816326531,True,8.426833472904178,1.6478439934050328,0.08711763101096659,Background range
5,43.52920897887579,38.66719878463627,38.96602931254523,4552,2024-02-14,11.025823317454789,7.866925485182058,2,2,49.72057577600002,49.99185263000002,50.34846605000001,46.852994311752,46.83295479772729,294,2024,"{""type"":""MultiPoint"",""coordinates"":[]}",1.0,True,8.426833472904178,1.6478439934050328,1.0638110410564945,Background range
7,46.06658015977925,41.21671975902439,41.437217345441496,4068,2024-03-01,10.464738794558542,7.543471034558514,3,2,51.47812166000002,51.90195614000004,52.51549073000001,48.876794635601286,48.98068838000001,294,2024,"{""type"":""MultiPoint"",""coordinates"":[]}",1.0,True,9.255713324999997,1.57838768186848,0.5166515910867583,Background range
9,45.15089534829337,39.93887707919361,39.78291350686851,4553,2024-03-17,7.677325643131517,6.050139707277843,3,2,47.17312547000001,47.46023915000003,47.64823025000001,45.51078973984719,45.833053214146354,294,2024,"{""type"":""MultiPoint"",""coordinates"":[]}",1.0,True,9.255713324999997,1.57838768186848,-0.6744907594765952,Background range
10,46.04626431289264,40.79457862624557,40.81037132339096,3062,2024-03-25,9.259526096609044,7.2206771666090575,3,2,49.91865003500001,50.06989742,50.50227695000004,47.75875792519472,48.03104849000002,294,2024,"{""type"":""MultiPoint"",""coordinates"":[]}",1.0,True,9.255713324999997,1.57838768186848,0.0016293077092773879,Background range
11,45.52548446545457,40.81093587348239,40.53608149019384,1657,2024-04-02,6.301191535941932,2.631124539806187,4,2,46.20650941400002,46.837273026135776,47.19021557000002,42.83146577702412,43.16720603000003,274,2024,"{""type"":""MultiPoint"",""coordinates"":[]}",0.9319727891156463,True,8.717302541336988,1.2942534602992204,-1.2591386440117465,Background range
13,48.34273114862387,43.7792814101904,44.03318979798264,1787,2024-04-18,12.614687112017364,10.212958392017365,4,2,56.198407280000026,56.64787691000001,57.19817813000003,53.53921397135549,54.24614819000001,223,2024,"{""type"":""MultiPoint"",""coordinates"":[]}",0.7585034013605442,True,8.717302541336988,1.2942534602992204,2.0310935683670697,Elevated anomaly
14,43.15923065000002,40.412396599069375,40.57779586358014,828,2024-04-26,7.4002733164198915,4.549644636419863,4,2,47.46878420000005,47.978069180000034,48.14042513000001,45.066873180604375,45.127440500000006,64,2024,"{""type"":""MultiPoint"",""coordinates"":[]}",0.21768707482993196,False,8.717302541336988,1.2942534602992204,-0.6863601832378573,Background range
16,50.42777965045456,44.48408303041065,44.81988293361054,3269,2024-05-12,10.830501806389478,8.15431629458918,5,2,55.468660010000015,55.65038474000002,55.87540439000003,52.94881062005263,52.97419922819972,276,2024,"{""type"":""MultiPoint"",""coordinates"":[]}",0.9387755102040817,True,9.526327090928367,2.659472256821113,0.3307625383439772,Background range
18,37.05188032296316,30.370939755808404,30.189105991571655,4906,2024-05-28,9.526327090928367,6.590504262428361,5,2,39.404820515,39.71543308250003,40.00724654000001,36.59041623671008,36.77961025400002,294,2024,"{""type"":""MultiPoint"",""coordinates"":[]}",1.0,True,9.526327090928367,2.659472256821113,0.0,Background range
20,52.443449385384646,46.08150457898455,45.813959738713066,4439,2024-06-13,8.48216404674151,6.987647748786962,6,2,54.048092920000016,54.296123785454576,54.68764244000005,52.227355810737016,52.80160748750003,294,2024,"{""type"":""MultiPoint"",""coordinates"":[]}",1.0,True,8.137254954762348,1.2319792138873433,0.18883272767675183,Background range
21,49.57106955408337,38.78650423312379,37.81945152570193,4906,2024-06-21,8.266316331798087,5.885238149298097,6,2,45.92213015000005,46.08576785750002,46.59035306000004,43.36841688063578,43.704689675000026,294,2024,"{""type"":""MultiPoint"",""coordinates"":[]}",1.0,True,8.137254954762348,1.2319792138873433,0.07065923291128794,Background range
23,56.81005977647754,48.15961143165173,47.43567711779529,4906,2024-07-07,15.30197209220475,12.153975672204716,7,2,62.15829482000001,62.73764921000004,63.483916910000005,58.71353959614134,59.58965279,294,2024,"{""type"":""MultiPoint"",""coordinates"":[]}",1.0,True,11.092590819812855,2.7734145697791455,1.0237159645296945,Background range
27,37.94995010547713,30.74897478642881,30.183837377306286,4905,2024-08-08,7.165044107693735,4.718540075259522,8,2,36.84130551500002,37.34888148500002,38.281146440000015,34.65488761515248,34.90237745256581,294,2024,"{""type"":""MultiPoint"",""coordinates"":[]}",1.0,True,9.778566383138529,0.3723682370087902,-4.734014476192139,Background range
30,50.81829961398468,43.711581391873565,42.9407840978423,2367,2024-09-01,15.772431397157716,10.974385822157686,9,2,58.06806422,58.713215495000014,59.41476410000004,53.47129625781203,53.91516991999998,235,2024,"{""type"":""MultiPoint"",""coordinates"":[]}",0.7993197278911565,True,9.749304795460446,2.350647697042737,1.7282654653495761,Background range
35,51.57247079827587,44.11818396335318,43.694401826176346,4906,2024-10-11,10.967605463823674,7.643581013823677,10,2,54.15215264000002,54.66200729000002,55.21914455000001,50.808737505262975,51.33798284000002,294,2024,"{""type"":""MultiPoint"",""coordinates"":[]}",1.0,True,9.02100873857114,3.5487631469695557,0.36997721438001,Background range
37,36.93542924075,30.535332452548325,30.44208983652736,4905,2024-10-27,12.957541553472662,8.529822169186918,10,2,42.77498823500001,43.399631390000025,44.17039489999999,38.83649576039164,38.97191200571428,294,2024,"{""type"":""MultiPoint"",""coordinates"":[]}",1.0,True,9.02100873857114,3.5487631469695557,0.7481916651143146,Background range
38,47.34288713000002,41.30554697403617,40.84557445484331,4906,2024-11-04,10.54282418015672,7.3683381051567025,11,2,50.97328010600002,51.38839863500003,51.82505069000001,47.90967649297046,48.21391256000001,294,2024,"{""type"":""MultiPoint"",""coordinates"":[]}",1.0,True,9.4243281870027,1.0567645610239635,0.7138914756594259,Background range
39,48.80997727000002,41.99043792711307,41.69922829616396,4518,2024-11-12,12.96619701383606,8.965689438836058,11,2,54.15101330000002,54.66542531000002,55.4498609,50.37455928194896,50.66491773500002,294,2024,"{""type"":""MultiPoint"",""coordinates"":[]}",1.0,True,9.4243281870027,1.0567645610239635,2.260633903792632,Elevated anomaly
41,41.079711351071445,35.3599089196196,34.80920773810048,4893,2024-11-28,9.103246031274535,7.031806531899527,11,2,43.596509342000026,43.91245376937502,45.00097376000002,41.44730706085227,41.84101427000001,294,2024,"{""type"":""MultiPoint"",""coordinates"":[]}",1.0,True,9.4243281870027,1.0567645610239635,-0.20493396075056453,Background range
42,33.219058820000015,30.05294550173116,30.035514992000024,902,2024-12-06,4.895971848000023,2.7426192479999614,12,2,34.476890180000055,34.93148684000005,36.21666235999999,32.64750190744838,32.778134239999986,197,2024,"{""type"":""MultiPoint"",""coordinates"":[]}",0.6700680272108843,True,9.623865966464932,1.1885115369380888,-2.683121531073904,Background range
44,31.469673458750027,26.704207169769223,26.46128685905408,1914,2024-12-22,3.770933099787417,1.894784005945944,12,2,29.867690210000035,30.23221995884149,30.96658364000001,28.49729583845382,28.35607086500002,73,2024,"{""type"":""MultiPoint"",""coordinates"":[]}",0.24829931972789115,False,9.623865966464932,1.1885115369380888,-3.321590924208661,Background range
45,39.782971843076936,35.20200800470764,35.28002596055815,4107,2024-12-30,9.392817879441871,6.793721765235404,12,2,44.33018733500003,44.67284384000002,45.27954239000002,41.83898272656759,42.07374772579355,294,2024,"{""type"":""MultiPoint"",""coordinates"":[]}",1.0,True,9.623865966464932,1.1885115369380888,-0.13112182326246638,Background range
0,37.52421396580079,32.99739133370588,32.96446729215674,4299,2025-01-07,8.967124507843295,6.432128612218278,1,2,41.398950350000014,41.93159180000004,42.50069213,39.24909562382242,39.39659590437502,294,2025,"{""type"":""MultiPoint"",""coordinates"":[]}",1.0,True,9.282853171546076,1.3636745011020182,-0.15616341436121653,Background range
1,41.90127544869567,36.98619628668919,37.16358327838669,4413,2025-01-15,10.801839227613335,8.027945096613315,1,2,47.481316940000006,47.96542250600002,48.46684604000004,44.91731570839097,45.191528375,294,2025,"{""type"":""MultiPoint"",""coordinates"":[]}",1.0,True,9.282853171546076,1.3636745011020182,0.7513098307280854,Background range
3,34.27351799000003,31.269406418773688,32.08944932982362,1173,2025-01-31,4.4348348301763565,2.2746461901763557,1,2,35.98936403000005,36.52428415999998,36.91735646000001,34.36760141590376,34.36409551999998,199,2025,"{""type"":""MultiPoint"",""coordinates"":[]}",0.6768707482993197,True,9.282853171546076,1.3636745011020182,-2.397891557248013,Background range
4,41.58870224818184,37.52131015326536,37.65652349909679,4795,2025-02-08,8.723621330903214,6.040449815042209,2,2,45.769173755000025,46.380144830000006,47.05691279000001,43.67022393172378,43.696973314139,294,2025,"{""type"":""MultiPoint"",""coordinates"":[]}",1.0,True,8.426833472904178,1.6478439934050328,0.1214803516269503,Background range
5,42.96753222720615,38.44853593442989,38.59108129315639,4906,2025-02-16,9.38228810934362,7.505083041843633,2,2,47.718007766128615,47.97336940250001,48.74199665000003,45.88227204523178,46.096164335000026,294,2025,"{""type"":""MultiPoint"",""coordinates"":[]}",1.0,True,8.426833472904178,1.6478439934050328,0.39108394117201545,Background range
7,45.29958873736315,40.22361150433149,40.18394907222012,4013,2025-03-04,8.259825332779883,5.547488309276886,3,2,48.09769987999999,48.443774405,49.06841756000006,45.45856987359153,45.731437381497,264,2025,"{""type"":""MultiPoint"",""coordinates"":[]}",0.8979591836734694,True,9.255713324999997,1.57838768186848,-0.4255717755165155,Background range
12,52.55990995932661,46.281938776804346,46.44056154929687,4438,2025-04-13,12.153450498203142,9.58626112670315,4,2,58.342189424000026,58.59401204750001,58.789266440000006,55.72637085613423,56.026822676000016,294,2025,"{""type"":""MultiPoint"",""coordinates"":[]}",1.0,True,8.717302541336988,1.2942534602992204,1.790723468156525,Background range
17,53.31472915556783,44.71732633303066,44.442352013375945,4905,2025-05-23,11.892776066624066,6.385310533319725,5,2,55.92710194250002,56.33512808000001,57.08880149000001,47.71786935629796,50.82766254669567,294,2025,"{""type"":""MultiPoint"",""coordinates"":[]}",1.0,True,9.526327090928367,2.659472256821113,0.6001747011219024,Background range
31,39.68484558864564,33.48865825579613,32.93249202320001,4607,2025-09-20,4.0498963719091705,0.4215785867999955,9,2,36.187609190000046,36.98238839510918,37.91883632,33.31275534056479,33.35407061000001,106,2025,"{""type"":""MultiPoint"",""coordinates"":[]}",0.36054421768707484,False,9.749304795460446,2.350647697042737,-1.6353783346626756,Background range
33,44.3464864438079,38.12479382913955,37.5943649360455,4906,2025-10-06,7.492344158954523,5.051593043954497,10,2,44.90583887000002,45.086709095000025,45.51538577000002,42.145290760597874,42.64595798,294,2025,"{""type"":""MultiPoint"",""coordinates"":[]}",1.0,True,9.02100873857114,3.5487631469695557,-0.29054351913315435,Background range
36,35.52500281865073,30.65016119045304,30.09353085500001,4017,2025-11-15,7.297791044999997,5.37734863053192,11,2,37.07805999887725,37.39132190000001,38.81093954000002,35.14634390991707,35.47087948553193,294,2025,"{""type"":""MultiPoint"",""coordinates"":[]}",1.0,True,9.4243281870027,1.0567645610239635,-1.3572840203638001,Background range
38,42.23120823736844,36.47710621842893,36.278863675710014,4487,2025-12-01,10.444792164290014,7.885161277926379,12,2,46.33955584250001,46.72365584000003,47.08254794000004,43.86183651701758,44.16402495363639,294,2025,"{""type"":""MultiPoint"",""coordinates"":[]}",1.0,True,9.623865966464932,1.1885115369380888,0.4658828437389556,Background range
39,39.5996536693828,34.04199777810735,33.72260181621624,4905,2025-12-09,10.239293863783756,6.5427052337837495,12,2,43.175751080000055,43.96189568,44.94628544,40.35896692890786,40.26530704999999,294,2025,"{""type"":""MultiPoint"",""coordinates"":[]}",1.0,True,9.623865966464932,1.1885115369380888,0.34926074923518463,Background range
40,44.439515043373845,38.97415771740277,38.94559322808161,4896,2025-12-17,10.1364964119184,7.915353081918397,12,2,48.59673080000002,49.082089640000014,49.46490788000003,46.506426424874654,46.86094631000001,294,2025,"{""type"":""MultiPoint"",""coordinates"":[]}",1.0,True,9.623865966464932,1.1885115369380888,0.29092229039316936,Background range
41,44.2849015864915,38.922362826348845,39.03288166509629,4721,2025-12-25,9.733041124903757,7.051072840533536,12,2,48.22131827000003,48.76592279000005,49.82209097000003,46.072205186738,46.08395450562983,294,2025,"{""type"":""MultiPoint"",""coordinates"":[]}",1.0,True,9.623865966464932,1.1885115369380888,0.06195786346432135,Background range
0,42.84334863500002,37.60036085802077,37.590281606440456,4522,2026-01-02,9.890465663559551,7.260568974582569,1,2,47.09152024250002,47.48074727000001,48.354051380000016,44.73655029531181,44.85085058102303,294,2026,"{""type"":""MultiPoint"",""coordinates"":[]}",1.0,True,9.282853171546076,1.3636745011020182,0.30053286973866755,Background range
1,35.468007037900904,31.20584977901982,31.093758886849173,4442,2026-01-10,9.383232996571166,6.378030600143696,1,2,40.02205796000003,40.47699188342034,41.67353129000003,37.57937818732267,37.47178948699287,294,2026,"{""type"":""MultiPoint"",""coordinates"":[]}",1.0,True,9.282853171546076,1.3636745011020182,0.049649138678318466,Background range
2,41.46858979108994,36.761608255997295,36.97023116836031,4049,2026-01-18,8.8737743652703,6.74421685931928,1,2,45.411136160000005,45.84400553363061,46.33912859000003,43.46785797762391,43.71444802767959,294,2026,"{""type"":""MultiPoint"",""coordinates"":[]}",1.0,True,9.282853171546076,1.3636745011020182,-0.20233558265388815,Background range
3,40.90838039048638,36.27612703425325,36.5353085148052,4400,2026-01-26,8.901462795194817,7.037958291194826,1,2,45.141112580000005,45.43677131000001,45.89820401000003,43.26752644769106,43.57326680600002,288,2026,"{""type"":""MultiPoint"",""coordinates"":[]}",0.9795918367346939,True,9.282853171546076,1.3636745011020182,-0.1886405329089456,Background range
4,40.969306396132,36.524433324384056,36.597259811805934,4778,2026-02-03,8.145653438194081,5.973074475694077,2,2,44.43187343000002,44.742913250000015,45.32397665000002,42.53376319538856,42.57033428750001,294,2026,"{""type"":""MultiPoint"",""coordinates"":[]}",1.0,True,8.426833472904178,1.6478439934050328,-0.11509180233098242,Background range
6,35.21903461510892,30.96188400348126,30.906059276999382,4906,2026-02-19,6.773515643000607,5.145669609721935,2,2,37.35771137000001,37.67957491999999,38.298236540000005,36.01889064808741,36.05172888672132,294,2026,"{""type"":""MultiPoint"",""coordinates"":[]}",1.0,True,8.426833472904178,1.6478439934050328,-0.6767312944737952,Background range
8,45.46543119317994,40.35947282861337,40.46935212920378,3166,2026-03-07,8.554631170796242,7.284836740796258,3,2,48.76136543000003,49.02398330000002,49.87677929,47.42301114251301,47.75418887000004,294,2026,"{""type"":""MultiPoint"",""coordinates"":[]}",1.0,True,9.255713324999997,1.57838768186848,-0.29959270467987636,Background range
9,47.43793307351648,41.75311639155882,41.43862971189681,4671,2026-03-15,9.848937333103208,7.539322941147141,3,2,50.83467939500001,51.28756704500002,51.63535058000002,48.83995956592816,48.97795265304395,294,2026,"{""type"":""MultiPoint"",""coordinates"":[]}",1.0,True,9.255713324999997,1.57838768186848,0.25350179576390386,Background range
13,50.93271960200001,44.41304502695293,44.31884507766806,3816,2026-04-16,8.510533822331958,5.480668348814248,4,2,52.28819240000002,52.829378900000016,54.06556280000001,48.37445458011021,49.79951342648231,294,2026,"{""type"":""MultiPoint"",""coordinates"":[]}",1.0,True,8.717302541336988,1.2942534602992204,-0.10775601116450761,Background range
15,32.53467806491076,28.913034824131756,29.026002785000017,1216,2026-05-02,3.916196414999988,2.200350375000013,5,2,32.80547840000003,32.942199200000005,32.94903524000006,31.06150876628229,31.22635316000003,35,2026,"{""type"":""MultiPoint"",""coordinates"":[]}",0.11904761904761904,False,9.526327090928367,2.659472256821113,-1.4228316504015344,Background range
16,44.08078405861733,37.710512742108186,37.80916194763624,2076,2026-05-10,3.99681761736376,1.4073826323637704,5,2,41.60631023000002,41.805979565,42.26655776000001,39.120179370631206,39.21654458000001,141,2026,"{""type"":""MultiPoint"",""coordinates"":[]}",0.47959183673469385,False,9.526327090928367,2.659472256821113,-1.402384640332982,Background range
17,59.81241387445148,49.29580757237495,49.186552876250026,2310,2026-05-18,19.136938551750013,13.087384953749996,5,2,67.56902048000002,68.32349142800004,68.88951553999999,61.93988675849736,62.27393783000002,262,2026,"{""type"":""MultiPoint"",""coordinates"":[]}",0.891156462585034,True,9.526327090928367,2.659472256821113,2.4374266761452765,Elevated anomaly
18,38.8093558046528,33.707318735949286,34.55839458931807,2112,2026-05-26,1.6548497506819473,-0.5376108608334604,5,2,35.439062810000024,36.21324434000002,36.787471700000026,34.07271416079602,34.02078372848461,92,2026,"{""type"":""MultiPoint"",""coordinates"":[]}",0.3129251700680272,False,9.526327090928367,2.659472256821113,-1.9963504848784512,Background range
19,56.67863909,47.471307232427726,47.185040236471565,1927,2026-06-03,4.443474303528461,-3.712813264877717,6,2,50.47322378000001,51.628514540000026,53.55627781999999,43.4374003374524,43.47222697159385,73,2026,"{""type"":""MultiPoint"",""coordinates"":[]}",0.24829931972789115,False,8.137254954762348,1.2319792138873433,-2.022291357440485,Background range
